Horodate,Valeur
2021-12-31 00:30:00+01:00,222
2021-12-31 01:00:00+01:00,204
2021-12-31 01:30:00+01:00,160
2021-12-31 02:00:00+01:00,232
2021-12-31 02:30:00+01:00,202
2021-12-31 03:00:00+01:00,158
2021-12-31 03:30:00+01:00,222
2021-12-31 04:00:00+01:00,188
2021-12-31 04:30:00+01:00,112
2021-12-31 05:00:00+01:00,150
2021-12-31 05:30:00+01:00,550
2021-12-31 06:00:00+01:00,298
2021-12-31 06:30:00+01:00,224
2021-12-31 07:00:00+01:00,330
2021-12-31 07:30:00+01:00,208
2021-12-31 08:00:00+01:00,238
2021-12-31 08:30:00+01:00,380
2021-12-31 09:00:00+01:00,672
2021-12-31 09:30:00+01:00,404
2021-12-31 10:00:00+01:00,346
2021-12-31 10:30:00+01:00,390
2021-12-31 11:00:00+01:00,1002
2021-12-31 11:30:00+01:00,1408
2021-12-31 12:00:00+01:00,908
2021-12-31 12:30:00+01:00,668
2021-12-31 13:00:00+01:00,1190
2021-12-31 13:30:00+01:00,306
2021-12-31 14:00:00+01:00,1416
2021-12-31 14:30:00+01:00,242
2021-12-31 15:00:00+01:00,250
2021-12-31 15:30:00+01:00,248
2021-12-31 16:00:00+01:00,248
2021-12-31 16:30:00+01:00,342
2021-12-31 17:00:00+01:00,350
2021-12-31 17:30:00+01:00,396
2021-12-31 18:00:00+01:00,260
2021-12-31 18:30:00+01:00,224
2021-12-31 19:00:00+01:00,226
2021-12-31 19:30:00+01:00,186
2021-12-31 20:00:00+01:00,158
2021-12-31 20:30:00+01:00,212
2021-12-31 21:00:00+01:00,212
2021-12-31 21:30:00+01:00,172
2021-12-31 22:00:00+01:00,160
2021-12-31 22:30:00+01:00,114
2021-12-31 23:00:00+01:00,172
2021-12-31 23:30:00+01:00,158
2022-01-01 00:00:00+01:00,108
2022-01-01 00:30:00+01:00,154
2022-01-01 01:00:00+01:00,164
2022-01-01 01:30:00+01:00,152
2022-01-01 02:00:00+01:00,230
2022-01-01 02:30:00+01:00,218
2022-01-01 03:00:00+01:00,266
2022-01-01 03:30:00+01:00,348
2022-01-01 04:00:00+01:00,318
2022-01-01 04:30:00+01:00,240
2022-01-01 05:00:00+01:00,288
2022-01-01 05:30:00+01:00,268
2022-01-01 06:00:00+01:00,232
2022-01-01 06:30:00+01:00,304
2022-01-01 07:00:00+01:00,434
2022-01-01 07:30:00+01:00,402
2022-01-01 08:00:00+01:00,304
2022-01-01 08:30:00+01:00,314
2022-01-01 09:00:00+01:00,648
2022-01-01 09:30:00+01:00,322
2022-01-01 10:00:00+01:00,332
2022-01-01 10:30:00+01:00,496
2022-01-01 11:00:00+01:00,1384
2022-01-01 11:30:00+01:00,368
2022-01-01 12:00:00+01:00,1872
2022-01-01 12:30:00+01:00,1098
2022-01-01 13:00:00+01:00,790
2022-01-01 13:30:00+01:00,482
2022-01-01 14:00:00+01:00,390
2022-01-01 14:30:00+01:00,352
2022-01-01 15:00:00+01:00,330
2022-01-01 15:30:00+01:00,236
2022-01-01 16:00:00+01:00,280
2022-01-01 16:30:00+01:00,332
2022-01-01 17:00:00+01:00,334
2022-01-01 17:30:00+01:00,1334
2022-01-01 18:00:00+01:00,824
2022-01-01 18:30:00+01:00,448
2022-01-01 19:00:00+01:00,858
2022-01-01 19:30:00+01:00,632
2022-01-01 20:00:00+01:00,556
2022-01-01 20:30:00+01:00,1558
2022-01-01 21:00:00+01:00,1240
2022-01-01 21:30:00+01:00,518
2022-01-01 22:00:00+01:00,1394
2022-01-01 22:30:00+01:00,436
2022-01-01 23:00:00+01:00,306
2022-01-01 23:30:00+01:00,262
2022-01-02 00:00:00+01:00,244
2022-01-02 00:30:00+01:00,202
2022-01-02 01:00:00+01:00,192
2022-01-02 01:30:00+01:00,204
2022-01-02 02:00:00+01:00,202
2022-01-02 02:30:00+01:00,186
2022-01-02 03:00:00+01:00,196
2022-01-02 03:30:00+01:00,212
2022-01-02 04:00:00+01:00,172
2022-01-02 04:30:00+01:00,196
2022-01-02 05:00:00+01:00,286
2022-01-02 05:30:00+01:00,254
2022-01-02 06:00:00+01:00,330
2022-01-02 06:30:00+01:00,504
2022-01-02 07:00:00+01:00,266
2022-01-02 07:30:00+01:00,210
2022-01-02 08:00:00+01:00,282
2022-01-02 08:30:00+01:00,272
2022-01-02 09:00:00+01:00,668
2022-01-02 09:30:00+01:00,446
2022-01-02 10:00:00+01:00,374
2022-01-02 10:30:00+01:00,350
2022-01-02 11:00:00+01:00,380
2022-01-02 11:30:00+01:00,236
2022-01-02 12:00:00+01:00,246
2022-01-02 12:30:00+01:00,956
2022-01-02 13:00:00+01:00,694
2022-01-02 13:30:00+01:00,770
2022-01-02 14:00:00+01:00,488
2022-01-02 14:30:00+01:00,268
2022-01-02 15:00:00+01:00,238
2022-01-02 15:30:00+01:00,198
2022-01-02 16:00:00+01:00,170
2022-01-02 16:30:00+01:00,278
2022-01-02 17:00:00+01:00,368
2022-01-02 17:30:00+01:00,312
2022-01-02 18:00:00+01:00,704
2022-01-02 18:30:00+01:00,384
2022-01-02 19:00:00+01:00,478
2022-01-02 19:30:00+01:00,638
2022-01-02 20:00:00+01:00,492
2022-01-02 20:30:00+01:00,474
2022-01-02 21:00:00+01:00,414
2022-01-02 21:30:00+01:00,586
2022-01-02 22:00:00+01:00,584
2022-01-02 22:30:00+01:00,372
2022-01-02 23:00:00+01:00,232
2022-01-02 23:30:00+01:00,182
2022-01-03 00:00:00+01:00,172
2022-01-03 00:30:00+01:00,216
2022-01-03 01:00:00+01:00,192
2022-01-03 01:30:00+01:00,164
2022-01-03 02:00:00+01:00,226
2022-01-03 02:30:00+01:00,198
2022-01-03 03:00:00+01:00,210
2022-01-03 03:30:00+01:00,290
2022-01-03 04:00:00+01:00,352
2022-01-03 04:30:00+01:00,304
2022-01-03 05:00:00+01:00,234
2022-01-03 05:30:00+01:00,268
2022-01-03 06:00:00+01:00,630
2022-01-03 06:30:00+01:00,248
2022-01-03 07:00:00+01:00,480
2022-01-03 07:30:00+01:00,846
2022-01-03 08:00:00+01:00,460
2022-01-03 08:30:00+01:00,540
2022-01-03 09:00:00+01:00,228
2022-01-03 09:30:00+01:00,156
2022-01-03 10:00:00+01:00,224
2022-01-03 10:30:00+01:00,188
2022-01-03 11:00:00+01:00,148
2022-01-03 11:30:00+01:00,238
2022-01-03 12:00:00+01:00,202
2022-01-03 12:30:00+01:00,158
2022-01-03 13:00:00+01:00,368
2022-01-03 13:30:00+01:00,244
2022-01-03 14:00:00+01:00,316
2022-01-03 14:30:00+01:00,350
2022-01-03 15:00:00+01:00,310
2022-01-03 15:30:00+01:00,280
2022-01-03 16:00:00+01:00,246
2022-01-03 16:30:00+01:00,262
2022-01-03 17:00:00+01:00,234
2022-01-03 17:30:00+01:00,268
2022-01-03 18:00:00+01:00,246
2022-01-03 18:30:00+01:00,336
2022-01-03 19:00:00+01:00,306
2022-01-03 19:30:00+01:00,1578
2022-01-03 20:00:00+01:00,700
2022-01-03 20:30:00+01:00,1260
2022-01-03 21:00:00+01:00,1274
2022-01-03 21:30:00+01:00,578
2022-01-03 22:00:00+01:00,340
2022-01-03 22:30:00+01:00,288
2022-01-03 23:00:00+01:00,216
2022-01-03 23:30:00+01:00,226
2022-01-04 00:00:00+01:00,258
2022-01-04 00:30:00+01:00,260
2022-01-04 01:00:00+01:00,342
2022-01-04 01:30:00+01:00,316
2022-01-04 02:00:00+01:00,286
2022-01-04 02:30:00+01:00,244
2022-01-04 03:00:00+01:00,272
2022-01-04 03:30:00+01:00,272
2022-01-04 04:00:00+01:00,248
2022-01-04 04:30:00+01:00,254
2022-01-04 05:00:00+01:00,262
2022-01-04 05:30:00+01:00,234
2022-01-04 06:00:00+01:00,426
2022-01-04 06:30:00+01:00,424
2022-01-04 07:00:00+01:00,630
2022-01-04 07:30:00+01:00,816
2022-01-04 08:00:00+01:00,450
2022-01-04 08:30:00+01:00,326
2022-01-04 09:00:00+01:00,392
2022-01-04 09:30:00+01:00,280
2022-01-04 10:00:00+01:00,328
2022-01-04 10:30:00+01:00,318
2022-01-04 11:00:00+01:00,238
2022-01-04 11:30:00+01:00,334
2022-01-04 12:00:00+01:00,418
2022-01-04 12:30:00+01:00,658
2022-01-04 13:00:00+01:00,506
2022-01-04 13:30:00+01:00,362
2022-01-04 14:00:00+01:00,306
2022-01-04 14:30:00+01:00,270
2022-01-04 15:00:00+01:00,302
2022-01-04 15:30:00+01:00,298
2022-01-04 16:00:00+01:00,230
2022-01-04 16:30:00+01:00,234
2022-01-04 17:00:00+01:00,274
2022-01-04 17:30:00+01:00,228
2022-01-04 18:00:00+01:00,256
2022-01-04 18:30:00+01:00,444
2022-01-04 19:00:00+01:00,1110
2022-01-04 19:30:00+01:00,624
2022-01-04 20:00:00+01:00,682
2022-01-04 20:30:00+01:00,478
2022-01-04 21:00:00+01:00,482
2022-01-04 21:30:00+01:00,412
2022-01-04 22:00:00+01:00,558
2022-01-04 22:30:00+01:00,478
2022-01-04 23:00:00+01:00,470
2022-01-04 23:30:00+01:00,208
2022-01-05 00:00:00+01:00,202
2022-01-05 00:30:00+01:00,228
2022-01-05 01:00:00+01:00,240
2022-01-05 01:30:00+01:00,240
2022-01-05 02:00:00+01:00,244
2022-01-05 02:30:00+01:00,214
2022-01-05 03:00:00+01:00,336
2022-01-05 03:30:00+01:00,322
2022-01-05 04:00:00+01:00,300
2022-01-05 04:30:00+01:00,224
2022-01-05 05:00:00+01:00,270
2022-01-05 05:30:00+01:00,248
2022-01-05 06:00:00+01:00,250
2022-01-05 06:30:00+01:00,240
2022-01-05 07:00:00+01:00,642
2022-01-05 07:30:00+01:00,586
2022-01-05 08:00:00+01:00,442
2022-01-05 08:30:00+01:00,416
2022-01-05 09:00:00+01:00,404
2022-01-05 09:30:00+01:00,344
2022-01-05 10:00:00+01:00,374
2022-01-05 10:30:00+01:00,356
2022-01-05 11:00:00+01:00,332
2022-01-05 11:30:00+01:00,390
2022-01-05 12:00:00+01:00,636
2022-01-05 12:30:00+01:00,1864
2022-01-05 13:00:00+01:00,614
2022-01-05 13:30:00+01:00,354
2022-01-05 14:00:00+01:00,316
2022-01-05 14:30:00+01:00,308
2022-01-05 15:00:00+01:00,296
2022-01-05 15:30:00+01:00,232
2022-01-05 16:00:00+01:00,740
2022-01-05 16:30:00+01:00,258
2022-01-05 17:00:00+01:00,302
2022-01-05 17:30:00+01:00,220
2022-01-05 18:00:00+01:00,302
2022-01-05 18:30:00+01:00,310
2022-01-05 19:00:00+01:00,272
2022-01-05 19:30:00+01:00,1730
2022-01-05 20:00:00+01:00,854
2022-01-05 20:30:00+01:00,334
2022-01-05 21:00:00+01:00,358
2022-01-05 21:30:00+01:00,1198
2022-01-05 22:00:00+01:00,732
2022-01-05 22:30:00+01:00,1408
2022-01-05 23:00:00+01:00,220
2022-01-05 23:30:00+01:00,284
2022-01-06 00:00:00+01:00,228
2022-01-06 00:30:00+01:00,266
2022-01-06 01:00:00+01:00,244
2022-01-06 01:30:00+01:00,252
2022-01-06 02:00:00+01:00,254
2022-01-06 02:30:00+01:00,234
2022-01-06 03:00:00+01:00,256
2022-01-06 03:30:00+01:00,260
2022-01-06 04:00:00+01:00,218
2022-01-06 04:30:00+01:00,226
2022-01-06 05:00:00+01:00,174
2022-01-06 05:30:00+01:00,182
2022-01-06 06:00:00+01:00,552
2022-01-06 06:30:00+01:00,310
2022-01-06 07:00:00+01:00,596
2022-01-06 07:30:00+01:00,774
2022-01-06 08:00:00+01:00,460
2022-01-06 08:30:00+01:00,316
2022-01-06 09:00:00+01:00,260
2022-01-06 09:30:00+01:00,224
2022-01-06 10:00:00+01:00,250
2022-01-06 10:30:00+01:00,212
2022-01-06 11:00:00+01:00,238
2022-01-06 11:30:00+01:00,230
2022-01-06 12:00:00+01:00,180
2022-01-06 12:30:00+01:00,234
2022-01-06 13:00:00+01:00,190
2022-01-06 13:30:00+01:00,398
2022-01-06 14:00:00+01:00,374
2022-01-06 14:30:00+01:00,324
2022-01-06 15:00:00+01:00,288
2022-01-06 15:30:00+01:00,196
2022-01-06 16:00:00+01:00,258
2022-01-06 16:30:00+01:00,204
2022-01-06 17:00:00+01:00,242
2022-01-06 17:30:00+01:00,270
2022-01-06 18:00:00+01:00,224
2022-01-06 18:30:00+01:00,284
2022-01-06 19:00:00+01:00,578
2022-01-06 19:30:00+01:00,544
2022-01-06 20:00:00+01:00,672
2022-01-06 20:30:00+01:00,492
2022-01-06 21:00:00+01:00,520
2022-01-06 21:30:00+01:00,566
2022-01-06 22:00:00+01:00,488
2022-01-06 22:30:00+01:00,226
2022-01-06 23:00:00+01:00,244
2022-01-06 23:30:00+01:00,208
2022-01-07 00:00:00+01:00,246
2022-01-07 00:30:00+01:00,314
2022-01-07 01:00:00+01:00,274
2022-01-07 01:30:00+01:00,198
2022-01-07 02:00:00+01:00,182
2022-01-07 02:30:00+01:00,270
2022-01-07 03:00:00+01:00,252
2022-01-07 03:30:00+01:00,274
2022-01-07 04:00:00+01:00,340
2022-01-07 04:30:00+01:00,294
2022-01-07 05:00:00+01:00,282
2022-01-07 05:30:00+01:00,280
2022-01-07 06:00:00+01:00,234
2022-01-07 06:30:00+01:00,218
2022-01-07 07:00:00+01:00,614
2022-01-07 07:30:00+01:00,566
2022-01-07 08:00:00+01:00,398
2022-01-07 08:30:00+01:00,394
2022-01-07 09:00:00+01:00,406
2022-01-07 09:30:00+01:00,286
2022-01-07 10:00:00+01:00,284
2022-01-07 10:30:00+01:00,248
2022-01-07 11:00:00+01:00,332
2022-01-07 11:30:00+01:00,278
2022-01-07 12:00:00+01:00,420
2022-01-07 12:30:00+01:00,602
2022-01-07 13:00:00+01:00,412
2022-01-07 13:30:00+01:00,380
2022-01-07 14:00:00+01:00,384
2022-01-07 14:30:00+01:00,228
2022-01-07 15:00:00+01:00,266
2022-01-07 15:30:00+01:00,240
2022-01-07 16:00:00+01:00,254
2022-01-07 16:30:00+01:00,248
2022-01-07 17:00:00+01:00,230
2022-01-07 17:30:00+01:00,260
2022-01-07 18:00:00+01:00,380
2022-01-07 18:30:00+01:00,550
2022-01-07 19:00:00+01:00,666
2022-01-07 19:30:00+01:00,578
2022-01-07 20:00:00+01:00,562
2022-01-07 20:30:00+01:00,488
2022-01-07 21:00:00+01:00,486
2022-01-07 21:30:00+01:00,480
2022-01-07 22:00:00+01:00,496
2022-01-07 22:30:00+01:00,508
2022-01-07 23:00:00+01:00,546
2022-01-07 23:30:00+01:00,682
2022-01-08 00:00:00+01:00,346
2022-01-08 00:30:00+01:00,296
2022-01-08 01:00:00+01:00,236
2022-01-08 01:30:00+01:00,264
2022-01-08 02:00:00+01:00,238
2022-01-08 02:30:00+01:00,254
2022-01-08 03:00:00+01:00,238
2022-01-08 03:30:00+01:00,226
2022-01-08 04:00:00+01:00,252
2022-01-08 04:30:00+01:00,242
2022-01-08 05:00:00+01:00,544
2022-01-08 05:30:00+01:00,258
2022-01-08 06:00:00+01:00,246
2022-01-08 06:30:00+01:00,316
2022-01-08 07:00:00+01:00,268
2022-01-08 07:30:00+01:00,232
2022-01-08 08:00:00+01:00,218
2022-01-08 08:30:00+01:00,282
2022-01-08 09:00:00+01:00,234
2022-01-08 09:30:00+01:00,228
2022-01-08 10:00:00+01:00,686
2022-01-08 10:30:00+01:00,308
2022-01-08 11:00:00+01:00,296
2022-01-08 11:30:00+01:00,450
2022-01-08 12:00:00+01:00,808
2022-01-08 12:30:00+01:00,796
2022-01-08 13:00:00+01:00,614
2022-01-08 13:30:00+01:00,492
2022-01-08 14:00:00+01:00,474
2022-01-08 14:30:00+01:00,406
2022-01-08 15:00:00+01:00,436
2022-01-08 15:30:00+01:00,318
2022-01-08 16:00:00+01:00,302
2022-01-08 16:30:00+01:00,258
2022-01-08 17:00:00+01:00,566
2022-01-08 17:30:00+01:00,316
2022-01-08 18:00:00+01:00,230
2022-01-08 18:30:00+01:00,418
2022-01-08 19:00:00+01:00,300
2022-01-08 19:30:00+01:00,408
2022-01-08 20:00:00+01:00,980
2022-01-08 20:30:00+01:00,406
2022-01-08 21:00:00+01:00,1122
2022-01-08 21:30:00+01:00,466
2022-01-08 22:00:00+01:00,1526
2022-01-08 22:30:00+01:00,220
2022-01-08 23:00:00+01:00,278
2022-01-08 23:30:00+01:00,346
2022-01-09 00:00:00+01:00,300
2022-01-09 00:30:00+01:00,300
2022-01-09 01:00:00+01:00,226
2022-01-09 01:30:00+01:00,258
2022-01-09 02:00:00+01:00,190
2022-01-09 02:30:00+01:00,186
2022-01-09 03:00:00+01:00,216
2022-01-09 03:30:00+01:00,212
2022-01-09 04:00:00+01:00,158
2022-01-09 04:30:00+01:00,198
2022-01-09 05:00:00+01:00,170
2022-01-09 05:30:00+01:00,196
2022-01-09 06:00:00+01:00,200
2022-01-09 06:30:00+01:00,200
2022-01-09 07:00:00+01:00,586
2022-01-09 07:30:00+01:00,358
2022-01-09 08:00:00+01:00,326
2022-01-09 08:30:00+01:00,262
2022-01-09 09:00:00+01:00,712
2022-01-09 09:30:00+01:00,396
2022-01-09 10:00:00+01:00,212
2022-01-09 10:30:00+01:00,262
2022-01-09 11:00:00+01:00,244
2022-01-09 11:30:00+01:00,194
2022-01-09 12:00:00+01:00,282
2022-01-09 12:30:00+01:00,246
2022-01-09 13:00:00+01:00,206
2022-01-09 13:30:00+01:00,384
2022-01-09 14:00:00+01:00,732
2022-01-09 14:30:00+01:00,492
2022-01-09 15:00:00+01:00,420
2022-01-09 15:30:00+01:00,374
2022-01-09 16:00:00+01:00,304
2022-01-09 16:30:00+01:00,272
2022-01-09 17:00:00+01:00,354
2022-01-09 17:30:00+01:00,564
2022-01-09 18:00:00+01:00,304
2022-01-09 18:30:00+01:00,530
2022-01-09 19:00:00+01:00,488
2022-01-09 19:30:00+01:00,978
2022-01-09 20:00:00+01:00,488
2022-01-09 20:30:00+01:00,526
2022-01-09 21:00:00+01:00,530
2022-01-09 21:30:00+01:00,1062
2022-01-09 22:00:00+01:00,726
2022-01-09 22:30:00+01:00,418
2022-01-09 23:00:00+01:00,306
2022-01-09 23:30:00+01:00,278
2022-01-10 00:00:00+01:00,264
2022-01-10 00:30:00+01:00,208
2022-01-10 01:00:00+01:00,232
2022-01-10 01:30:00+01:00,188
2022-01-10 02:00:00+01:00,178
2022-01-10 02:30:00+01:00,230
2022-01-10 03:00:00+01:00,184
2022-01-10 03:30:00+01:00,286
2022-01-10 04:00:00+01:00,362
2022-01-10 04:30:00+01:00,254
2022-01-10 05:00:00+01:00,196
2022-01-10 05:30:00+01:00,316
2022-01-10 06:00:00+01:00,304
2022-01-10 06:30:00+01:00,306
2022-01-10 07:00:00+01:00,656
2022-01-10 07:30:00+01:00,676
2022-01-10 08:00:00+01:00,314
2022-01-10 08:30:00+01:00,462
2022-01-10 09:00:00+01:00,340
2022-01-10 09:30:00+01:00,292
2022-01-10 10:00:00+01:00,318
2022-01-10 10:30:00+01:00,316
2022-01-10 11:00:00+01:00,268
2022-01-10 11:30:00+01:00,362
2022-01-10 12:00:00+01:00,664
2022-01-10 12:30:00+01:00,866
2022-01-10 13:00:00+01:00,902
2022-01-10 13:30:00+01:00,432
2022-01-10 14:00:00+01:00,338
2022-01-10 14:30:00+01:00,262
2022-01-10 15:00:00+01:00,306
2022-01-10 15:30:00+01:00,242
2022-01-10 16:00:00+01:00,386
2022-01-10 16:30:00+01:00,346
2022-01-10 17:00:00+01:00,338
2022-01-10 17:30:00+01:00,266
2022-01-10 18:00:00+01:00,406
2022-01-10 18:30:00+01:00,614
2022-01-10 19:00:00+01:00,1724
2022-01-10 19:30:00+01:00,1758
2022-01-10 20:00:00+01:00,1064
2022-01-10 20:30:00+01:00,562
2022-01-10 21:00:00+01:00,446
2022-01-10 21:30:00+01:00,470
2022-01-10 22:00:00+01:00,386
2022-01-10 22:30:00+01:00,404
2022-01-10 23:00:00+01:00,310
2022-01-10 23:30:00+01:00,186
2022-01-11 00:00:00+01:00,226
2022-01-11 00:30:00+01:00,170
2022-01-11 01:00:00+01:00,198
2022-01-11 01:30:00+01:00,200
2022-01-11 02:00:00+01:00,270
2022-01-11 02:30:00+01:00,294
2022-01-11 03:00:00+01:00,336
2022-01-11 03:30:00+01:00,320
2022-01-11 04:00:00+01:00,242
2022-01-11 04:30:00+01:00,206
2022-01-11 05:00:00+01:00,234
2022-01-11 05:30:00+01:00,280
2022-01-11 06:00:00+01:00,550
2022-01-11 06:30:00+01:00,316
2022-01-11 07:00:00+01:00,258
2022-01-11 07:30:00+01:00,548
2022-01-11 08:00:00+01:00,332
2022-01-11 08:30:00+01:00,434
2022-01-11 09:00:00+01:00,268
2022-01-11 09:30:00+01:00,718
2022-01-11 10:00:00+01:00,620
2022-01-11 10:30:00+01:00,712
2022-01-11 11:00:00+01:00,1038
2022-01-11 11:30:00+01:00,686
2022-01-11 12:00:00+01:00,1012
2022-01-11 12:30:00+01:00,788
2022-01-11 13:00:00+01:00,600
2022-01-11 13:30:00+01:00,1298
2022-01-11 14:00:00+01:00,652
2022-01-11 14:30:00+01:00,1546
2022-01-11 15:00:00+01:00,248
2022-01-11 15:30:00+01:00,276
2022-01-11 16:00:00+01:00,260
2022-01-11 16:30:00+01:00,352
2022-01-11 17:00:00+01:00,296
2022-01-11 17:30:00+01:00,376
2022-01-11 18:00:00+01:00,694
2022-01-11 18:30:00+01:00,638
2022-01-11 19:00:00+01:00,490
2022-01-11 19:30:00+01:00,704
2022-01-11 20:00:00+01:00,618
2022-01-11 20:30:00+01:00,962
2022-01-11 21:00:00+01:00,504
2022-01-11 21:30:00+01:00,1478
2022-01-11 22:00:00+01:00,1130
2022-01-11 22:30:00+01:00,274
2022-01-11 23:00:00+01:00,272
2022-01-11 23:30:00+01:00,260
2022-01-12 00:00:00+01:00,366
2022-01-12 00:30:00+01:00,300
2022-01-12 01:00:00+01:00,280
2022-01-12 01:30:00+01:00,288
2022-01-12 02:00:00+01:00,264
2022-01-12 02:30:00+01:00,204
2022-01-12 03:00:00+01:00,212
2022-01-12 03:30:00+01:00,206
2022-01-12 04:00:00+01:00,206
2022-01-12 04:30:00+01:00,180
2022-01-12 05:00:00+01:00,210
2022-01-12 05:30:00+01:00,180
2022-01-12 06:00:00+01:00,232
2022-01-12 06:30:00+01:00,572
2022-01-12 07:00:00+01:00,458
2022-01-12 07:30:00+01:00,808
2022-01-12 08:00:00+01:00,438
2022-01-12 08:30:00+01:00,332
2022-01-12 09:00:00+01:00,280
2022-01-12 09:30:00+01:00,304
2022-01-12 10:00:00+01:00,338
2022-01-12 10:30:00+01:00,332
2022-01-12 11:00:00+01:00,860
2022-01-12 11:30:00+01:00,508
2022-01-12 12:00:00+01:00,298
2022-01-12 12:30:00+01:00,396
2022-01-12 13:00:00+01:00,968
2022-01-12 13:30:00+01:00,414
2022-01-12 14:00:00+01:00,322
2022-01-12 14:30:00+01:00,246
2022-01-12 15:00:00+01:00,286
2022-01-12 15:30:00+01:00,342
2022-01-12 16:00:00+01:00,176
2022-01-12 16:30:00+01:00,250
2022-01-12 17:00:00+01:00,270
2022-01-12 17:30:00+01:00,212
2022-01-12 18:00:00+01:00,308
2022-01-12 18:30:00+01:00,422
2022-01-12 19:00:00+01:00,342
2022-01-12 19:30:00+01:00,294
2022-01-12 20:00:00+01:00,296
2022-01-12 20:30:00+01:00,320
2022-01-12 21:00:00+01:00,536
2022-01-12 21:30:00+01:00,460
2022-01-12 22:00:00+01:00,474
2022-01-12 22:30:00+01:00,408
2022-01-12 23:00:00+01:00,458
2022-01-12 23:30:00+01:00,432
2022-01-13 00:00:00+01:00,314
2022-01-13 00:30:00+01:00,302
2022-01-13 01:00:00+01:00,206
2022-01-13 01:30:00+01:00,208
2022-01-13 02:00:00+01:00,204
2022-01-13 02:30:00+01:00,198
2022-01-13 03:00:00+01:00,190
2022-01-13 03:30:00+01:00,194
2022-01-13 04:00:00+01:00,206
2022-01-13 04:30:00+01:00,198
2022-01-13 05:00:00+01:00,146
2022-01-13 05:30:00+01:00,198
2022-01-13 06:00:00+01:00,322
2022-01-13 06:30:00+01:00,344
2022-01-13 07:00:00+01:00,664
2022-01-13 07:30:00+01:00,552
2022-01-13 08:00:00+01:00,512
2022-01-13 08:30:00+01:00,338
2022-01-13 09:00:00+01:00,292
2022-01-13 09:30:00+01:00,328
2022-01-13 10:00:00+01:00,320
2022-01-13 10:30:00+01:00,270
2022-01-13 11:00:00+01:00,204
2022-01-13 11:30:00+01:00,236
2022-01-13 12:00:00+01:00,260
2022-01-13 12:30:00+01:00,326
2022-01-13 13:00:00+01:00,444
2022-01-13 13:30:00+01:00,356
2022-01-13 14:00:00+01:00,362
2022-01-13 14:30:00+01:00,366
2022-01-13 15:00:00+01:00,338
2022-01-13 15:30:00+01:00,462
2022-01-13 16:00:00+01:00,348
2022-01-13 16:30:00+01:00,466
2022-01-13 17:00:00+01:00,248
2022-01-13 17:30:00+01:00,246
2022-01-13 18:00:00+01:00,376
2022-01-13 18:30:00+01:00,988
2022-01-13 19:00:00+01:00,1768
2022-01-13 19:30:00+01:00,886
2022-01-13 20:00:00+01:00,620
2022-01-13 20:30:00+01:00,554
2022-01-13 21:00:00+01:00,558
2022-01-13 21:30:00+01:00,628
2022-01-13 22:00:00+01:00,1154
2022-01-13 22:30:00+01:00,1020
2022-01-13 23:00:00+01:00,970
2022-01-13 23:30:00+01:00,760
2022-01-14 00:00:00+01:00,360
2022-01-14 00:30:00+01:00,326
2022-01-14 01:00:00+01:00,318
2022-01-14 01:30:00+01:00,252
2022-01-14 02:00:00+01:00,250
2022-01-14 02:30:00+01:00,262
2022-01-14 03:00:00+01:00,258
2022-01-14 03:30:00+01:00,246
2022-01-14 04:00:00+01:00,218
2022-01-14 04:30:00+01:00,224
2022-01-14 05:00:00+01:00,198
2022-01-14 05:30:00+01:00,172
2022-01-14 06:00:00+01:00,212
2022-01-14 06:30:00+01:00,230
2022-01-14 07:00:00+01:00,464
2022-01-14 07:30:00+01:00,232
2022-01-14 08:00:00+01:00,362
2022-01-14 08:30:00+01:00,290
2022-01-14 09:00:00+01:00,626
2022-01-14 09:30:00+01:00,364
2022-01-14 10:00:00+01:00,348
2022-01-14 10:30:00+01:00,308
2022-01-14 11:00:00+01:00,308
2022-01-14 11:30:00+01:00,490
2022-01-14 12:00:00+01:00,496
2022-01-14 12:30:00+01:00,558
2022-01-14 13:00:00+01:00,438
2022-01-14 13:30:00+01:00,312
2022-01-14 14:00:00+01:00,252
2022-01-14 14:30:00+01:00,226
2022-01-14 15:00:00+01:00,276
2022-01-14 15:30:00+01:00,248
2022-01-14 16:00:00+01:00,234
2022-01-14 16:30:00+01:00,370
2022-01-14 17:00:00+01:00,500
2022-01-14 17:30:00+01:00,208
2022-01-14 18:00:00+01:00,232
2022-01-14 18:30:00+01:00,168
2022-01-14 19:00:00+01:00,212
2022-01-14 19:30:00+01:00,232
2022-01-14 20:00:00+01:00,1224
2022-01-14 20:30:00+01:00,1218
2022-01-14 21:00:00+01:00,510
2022-01-14 21:30:00+01:00,468
2022-01-14 22:00:00+01:00,506
2022-01-14 22:30:00+01:00,468
2022-01-14 23:00:00+01:00,324
2022-01-14 23:30:00+01:00,272
2022-01-15 00:00:00+01:00,220
2022-01-15 00:30:00+01:00,282
2022-01-15 01:00:00+01:00,248
2022-01-15 01:30:00+01:00,236
2022-01-15 02:00:00+01:00,276
2022-01-15 02:30:00+01:00,238
2022-01-15 03:00:00+01:00,248
2022-01-15 03:30:00+01:00,254
2022-01-15 04:00:00+01:00,270
2022-01-15 04:30:00+01:00,232
2022-01-15 05:00:00+01:00,248
2022-01-15 05:30:00+01:00,220
2022-01-15 06:00:00+01:00,266
2022-01-15 06:30:00+01:00,294
2022-01-15 07:00:00+01:00,538
2022-01-15 07:30:00+01:00,354
2022-01-15 08:00:00+01:00,402
2022-01-15 08:30:00+01:00,654
2022-01-15 09:00:00+01:00,800
2022-01-15 09:30:00+01:00,310
2022-01-15 10:00:00+01:00,380
2022-01-15 10:30:00+01:00,310
2022-01-15 11:00:00+01:00,314
2022-01-15 11:30:00+01:00,278
2022-01-15 12:00:00+01:00,172
2022-01-15 12:30:00+01:00,210
2022-01-15 13:00:00+01:00,174
2022-01-15 13:30:00+01:00,208
2022-01-15 14:00:00+01:00,218
2022-01-15 14:30:00+01:00,184
2022-01-15 15:00:00+01:00,208
2022-01-15 15:30:00+01:00,420
2022-01-15 16:00:00+01:00,268
2022-01-15 16:30:00+01:00,216
2022-01-15 17:00:00+01:00,250
2022-01-15 17:30:00+01:00,338
2022-01-15 18:00:00+01:00,292
2022-01-15 18:30:00+01:00,636
2022-01-15 19:00:00+01:00,1344
2022-01-15 19:30:00+01:00,1974
2022-01-15 20:00:00+01:00,1276
2022-01-15 20:30:00+01:00,486
2022-01-15 21:00:00+01:00,1320
2022-01-15 21:30:00+01:00,562
2022-01-15 22:00:00+01:00,1698
2022-01-15 22:30:00+01:00,242
2022-01-15 23:00:00+01:00,252
2022-01-15 23:30:00+01:00,192
2022-01-16 00:00:00+01:00,254
2022-01-16 00:30:00+01:00,200
2022-01-16 01:00:00+01:00,196
2022-01-16 01:30:00+01:00,244
2022-01-16 02:00:00+01:00,168
2022-01-16 02:30:00+01:00,218
2022-01-16 03:00:00+01:00,214
2022-01-16 03:30:00+01:00,222
2022-01-16 04:00:00+01:00,218
2022-01-16 04:30:00+01:00,220
2022-01-16 05:00:00+01:00,296
2022-01-16 05:30:00+01:00,242
2022-01-16 06:00:00+01:00,230
2022-01-16 06:30:00+01:00,262
2022-01-16 07:00:00+01:00,606
2022-01-16 07:30:00+01:00,334
2022-01-16 08:00:00+01:00,364
2022-01-16 08:30:00+01:00,312
2022-01-16 09:00:00+01:00,298
2022-01-16 09:30:00+01:00,684
2022-01-16 10:00:00+01:00,248
2022-01-16 10:30:00+01:00,250
2022-01-16 11:00:00+01:00,208
2022-01-16 11:30:00+01:00,250
2022-01-16 12:00:00+01:00,512
2022-01-16 12:30:00+01:00,2222
2022-01-16 13:00:00+01:00,1038
2022-01-16 13:30:00+01:00,512
2022-01-16 14:00:00+01:00,294
2022-01-16 14:30:00+01:00,360
2022-01-16 15:00:00+01:00,314
2022-01-16 15:30:00+01:00,314
2022-01-16 16:00:00+01:00,252
2022-01-16 16:30:00+01:00,384
2022-01-16 17:00:00+01:00,344
2022-01-16 17:30:00+01:00,460
2022-01-16 18:00:00+01:00,642
2022-01-16 18:30:00+01:00,570
2022-01-16 19:00:00+01:00,510
2022-01-16 19:30:00+01:00,668
2022-01-16 20:00:00+01:00,606
2022-01-16 20:30:00+01:00,672
2022-01-16 21:00:00+01:00,538
2022-01-16 21:30:00+01:00,542
2022-01-16 22:00:00+01:00,498
2022-01-16 22:30:00+01:00,488
2022-01-16 23:00:00+01:00,366
2022-01-16 23:30:00+01:00,264
2022-01-17 00:00:00+01:00,198
2022-01-17 00:30:00+01:00,174
2022-01-17 01:00:00+01:00,228
2022-01-17 01:30:00+01:00,164
2022-01-17 02:00:00+01:00,202
2022-01-17 02:30:00+01:00,176
2022-01-17 03:00:00+01:00,194
2022-01-17 03:30:00+01:00,196
2022-01-17 04:00:00+01:00,242
2022-01-17 04:30:00+01:00,210
2022-01-17 05:00:00+01:00,158
2022-01-17 05:30:00+01:00,104
2022-01-17 06:00:00+01:00,140
2022-01-17 06:30:00+01:00,158
2022-01-17 07:00:00+01:00,1396
2022-01-17 07:30:00+01:00,1204
2022-01-17 08:00:00+01:00,470
2022-01-17 08:30:00+01:00,412
2022-01-17 09:00:00+01:00,348
2022-01-17 09:30:00+01:00,298
2022-01-17 10:00:00+01:00,344
2022-01-17 10:30:00+01:00,502
2022-01-17 11:00:00+01:00,368
2022-01-17 11:30:00+01:00,406
2022-01-17 12:00:00+01:00,448
2022-01-17 12:30:00+01:00,768
2022-01-17 13:00:00+01:00,536
2022-01-17 13:30:00+01:00,734
2022-01-17 14:00:00+01:00,290
2022-01-17 14:30:00+01:00,1770
2022-01-17 15:00:00+01:00,340
2022-01-17 15:30:00+01:00,420
2022-01-17 16:00:00+01:00,608
2022-01-17 16:30:00+01:00,438
2022-01-17 17:00:00+01:00,370
2022-01-17 17:30:00+01:00,430
2022-01-17 18:00:00+01:00,432
2022-01-17 18:30:00+01:00,446
2022-01-17 19:00:00+01:00,516
2022-01-17 19:30:00+01:00,792
2022-01-17 20:00:00+01:00,552
2022-01-17 20:30:00+01:00,484
2022-01-17 21:00:00+01:00,490
2022-01-17 21:30:00+01:00,536
2022-01-17 22:00:00+01:00,612
2022-01-17 22:30:00+01:00,534
2022-01-17 23:00:00+01:00,488
2022-01-17 23:30:00+01:00,304
2022-01-18 00:00:00+01:00,260
2022-01-18 00:30:00+01:00,280
2022-01-18 01:00:00+01:00,282
2022-01-18 01:30:00+01:00,268
2022-01-18 02:00:00+01:00,262
2022-01-18 02:30:00+01:00,254
2022-01-18 03:00:00+01:00,220
2022-01-18 03:30:00+01:00,232
2022-01-18 04:00:00+01:00,200
2022-01-18 04:30:00+01:00,240
2022-01-18 05:00:00+01:00,230
2022-01-18 05:30:00+01:00,170
2022-01-18 06:00:00+01:00,538
2022-01-18 06:30:00+01:00,288
2022-01-18 07:00:00+01:00,254
2022-01-18 07:30:00+01:00,746
2022-01-18 08:00:00+01:00,660
2022-01-18 08:30:00+01:00,622
2022-01-18 09:00:00+01:00,524
2022-01-18 09:30:00+01:00,734
2022-01-18 10:00:00+01:00,442
2022-01-18 10:30:00+01:00,618
2022-01-18 11:00:00+01:00,424
2022-01-18 11:30:00+01:00,384
2022-01-18 12:00:00+01:00,434
2022-01-18 12:30:00+01:00,866
2022-01-18 13:00:00+01:00,718
2022-01-18 13:30:00+01:00,650
2022-01-18 14:00:00+01:00,444
2022-01-18 14:30:00+01:00,476
2022-01-18 15:00:00+01:00,390
2022-01-18 15:30:00+01:00,320
2022-01-18 16:00:00+01:00,276
2022-01-18 16:30:00+01:00,420
2022-01-18 17:00:00+01:00,370
2022-01-18 17:30:00+01:00,408
2022-01-18 18:00:00+01:00,422
2022-01-18 18:30:00+01:00,418
2022-01-18 19:00:00+01:00,1128
2022-01-18 19:30:00+01:00,1088
2022-01-18 20:00:00+01:00,698
2022-01-18 20:30:00+01:00,574
2022-01-18 21:00:00+01:00,546
2022-01-18 21:30:00+01:00,546
2022-01-18 22:00:00+01:00,520
2022-01-18 22:30:00+01:00,456
2022-01-18 23:00:00+01:00,320
2022-01-18 23:30:00+01:00,312
2022-01-19 00:00:00+01:00,264
2022-01-19 00:30:00+01:00,256
2022-01-19 01:00:00+01:00,174
2022-01-19 01:30:00+01:00,228
2022-01-19 02:00:00+01:00,170
2022-01-19 02:30:00+01:00,204
2022-01-19 03:00:00+01:00,204
2022-01-19 03:30:00+01:00,226
2022-01-19 04:00:00+01:00,192
2022-01-19 04:30:00+01:00,260
2022-01-19 05:00:00+01:00,220
2022-01-19 05:30:00+01:00,526
2022-01-19 06:00:00+01:00,288
2022-01-19 06:30:00+01:00,304
2022-01-19 07:00:00+01:00,564
2022-01-19 07:30:00+01:00,794
2022-01-19 08:00:00+01:00,416
2022-01-19 08:30:00+01:00,300
2022-01-19 09:00:00+01:00,396
2022-01-19 09:30:00+01:00,346
2022-01-19 10:00:00+01:00,302
2022-01-19 10:30:00+01:00,184
2022-01-19 11:00:00+01:00,196
2022-01-19 11:30:00+01:00,176
2022-01-19 12:00:00+01:00,226
2022-01-19 12:30:00+01:00,438
2022-01-19 13:00:00+01:00,1092
2022-01-19 13:30:00+01:00,500
2022-01-19 14:00:00+01:00,446
2022-01-19 14:30:00+01:00,408
2022-01-19 15:00:00+01:00,264
2022-01-19 15:30:00+01:00,368
2022-01-19 16:00:00+01:00,220
2022-01-19 16:30:00+01:00,254
2022-01-19 17:00:00+01:00,244
2022-01-19 17:30:00+01:00,250
2022-01-19 18:00:00+01:00,222
2022-01-19 18:30:00+01:00,234
2022-01-19 19:00:00+01:00,238
2022-01-19 19:30:00+01:00,398
2022-01-19 20:00:00+01:00,412
2022-01-19 20:30:00+01:00,520
2022-01-19 21:00:00+01:00,792
2022-01-19 21:30:00+01:00,1092
2022-01-19 22:00:00+01:00,488
2022-01-19 22:30:00+01:00,1386
2022-01-19 23:00:00+01:00,372
2022-01-19 23:30:00+01:00,290
2022-01-20 00:00:00+01:00,396
2022-01-20 00:30:00+01:00,338
2022-01-20 01:00:00+01:00,316
2022-01-20 01:30:00+01:00,234
2022-01-20 02:00:00+01:00,316
2022-01-20 02:30:00+01:00,264
2022-01-20 03:00:00+01:00,254
2022-01-20 03:30:00+01:00,298
2022-01-20 04:00:00+01:00,280
2022-01-20 04:30:00+01:00,234
2022-01-20 05:00:00+01:00,270
2022-01-20 05:30:00+01:00,214
2022-01-20 06:00:00+01:00,550
2022-01-20 06:30:00+01:00,346
2022-01-20 07:00:00+01:00,568
2022-01-20 07:30:00+01:00,508
2022-01-20 08:00:00+01:00,440
2022-01-20 08:30:00+01:00,456
2022-01-20 09:00:00+01:00,380
2022-01-20 09:30:00+01:00,574
2022-01-20 10:00:00+01:00,428
2022-01-20 10:30:00+01:00,430
2022-01-20 11:00:00+01:00,342
2022-01-20 11:30:00+01:00,284
2022-01-20 12:00:00+01:00,258
2022-01-20 12:30:00+01:00,458
2022-01-20 13:00:00+01:00,554
2022-01-20 13:30:00+01:00,396
2022-01-20 14:00:00+01:00,328
2022-01-20 14:30:00+01:00,234
2022-01-20 15:00:00+01:00,280
2022-01-20 15:30:00+01:00,200
2022-01-20 16:00:00+01:00,242
2022-01-20 16:30:00+01:00,188
2022-01-20 17:00:00+01:00,202
2022-01-20 17:30:00+01:00,430
2022-01-20 18:00:00+01:00,472
2022-01-20 18:30:00+01:00,524
2022-01-20 19:00:00+01:00,518
2022-01-20 19:30:00+01:00,518
2022-01-20 20:00:00+01:00,820
2022-01-20 20:30:00+01:00,460
2022-01-20 21:00:00+01:00,444
2022-01-20 21:30:00+01:00,518
2022-01-20 22:00:00+01:00,492
2022-01-20 22:30:00+01:00,468
2022-01-20 23:00:00+01:00,566
2022-01-20 23:30:00+01:00,538
2022-01-21 00:00:00+01:00,346
2022-01-21 00:30:00+01:00,248
2022-01-21 01:00:00+01:00,278
2022-01-21 01:30:00+01:00,268
2022-01-21 02:00:00+01:00,180
2022-01-21 02:30:00+01:00,192
2022-01-21 03:00:00+01:00,228
2022-01-21 03:30:00+01:00,226
2022-01-21 04:00:00+01:00,174
2022-01-21 04:30:00+01:00,206
2022-01-21 05:00:00+01:00,174
2022-01-21 05:30:00+01:00,214
2022-01-21 06:00:00+01:00,216
2022-01-21 06:30:00+01:00,512
2022-01-21 07:00:00+01:00,574
2022-01-21 07:30:00+01:00,594
2022-01-21 08:00:00+01:00,422
2022-01-21 08:30:00+01:00,240
2022-01-21 09:00:00+01:00,250
2022-01-21 09:30:00+01:00,226
2022-01-21 10:00:00+01:00,276
2022-01-21 10:30:00+01:00,268
2022-01-21 11:00:00+01:00,210
2022-01-21 11:30:00+01:00,228
2022-01-21 12:00:00+01:00,290
2022-01-21 12:30:00+01:00,692
2022-01-21 13:00:00+01:00,338
2022-01-21 13:30:00+01:00,250
2022-01-21 14:00:00+01:00,262
2022-01-21 14:30:00+01:00,244
2022-01-21 15:00:00+01:00,206
2022-01-21 15:30:00+01:00,230
2022-01-21 16:00:00+01:00,216
2022-01-21 16:30:00+01:00,226
2022-01-21 17:00:00+01:00,240
2022-01-21 17:30:00+01:00,362
2022-01-21 18:00:00+01:00,362
2022-01-21 18:30:00+01:00,536
2022-01-21 19:00:00+01:00,1162
2022-01-21 19:30:00+01:00,590
2022-01-21 20:00:00+01:00,986
2022-01-21 20:30:00+01:00,504
2022-01-21 21:00:00+01:00,458
2022-01-21 21:30:00+01:00,518
2022-01-21 22:00:00+01:00,478
2022-01-21 22:30:00+01:00,448
2022-01-21 23:00:00+01:00,308
2022-01-21 23:30:00+01:00,354
2022-01-22 00:00:00+01:00,308
2022-01-22 00:30:00+01:00,244
2022-01-22 01:00:00+01:00,282
2022-01-22 01:30:00+01:00,224
2022-01-22 02:00:00+01:00,176
2022-01-22 02:30:00+01:00,202
2022-01-22 03:00:00+01:00,210
2022-01-22 03:30:00+01:00,212
2022-01-22 04:00:00+01:00,210
2022-01-22 04:30:00+01:00,190
2022-01-22 05:00:00+01:00,182
2022-01-22 05:30:00+01:00,244
2022-01-22 06:00:00+01:00,298
2022-01-22 06:30:00+01:00,316
2022-01-22 07:00:00+01:00,470
2022-01-22 07:30:00+01:00,324
2022-01-22 08:00:00+01:00,888
2022-01-22 08:30:00+01:00,426
2022-01-22 09:00:00+01:00,266
2022-01-22 09:30:00+01:00,284
2022-01-22 10:00:00+01:00,274
2022-01-22 10:30:00+01:00,238
2022-01-22 11:00:00+01:00,240
2022-01-22 11:30:00+01:00,262
2022-01-22 12:00:00+01:00,202
2022-01-22 12:30:00+01:00,172
2022-01-22 13:00:00+01:00,206
2022-01-22 13:30:00+01:00,208
2022-01-22 14:00:00+01:00,182
2022-01-22 14:30:00+01:00,206
2022-01-22 15:00:00+01:00,178
2022-01-22 15:30:00+01:00,222
2022-01-22 16:00:00+01:00,218
2022-01-22 16:30:00+01:00,180
2022-01-22 17:00:00+01:00,234
2022-01-22 17:30:00+01:00,266
2022-01-22 18:00:00+01:00,266
2022-01-22 18:30:00+01:00,234
2022-01-22 19:00:00+01:00,262
2022-01-22 19:30:00+01:00,236
2022-01-22 20:00:00+01:00,272
2022-01-22 20:30:00+01:00,612
2022-01-22 21:00:00+01:00,722
2022-01-22 21:30:00+01:00,504
2022-01-22 22:00:00+01:00,308
2022-01-22 22:30:00+01:00,212
2022-01-22 23:00:00+01:00,194
2022-01-22 23:30:00+01:00,204
2022-01-23 00:00:00+01:00,198
2022-01-23 00:30:00+01:00,166
2022-01-23 01:00:00+01:00,240
2022-01-23 01:30:00+01:00,218
2022-01-23 02:00:00+01:00,170
2022-01-23 02:30:00+01:00,214
2022-01-23 03:00:00+01:00,260
2022-01-23 03:30:00+01:00,238
2022-01-23 04:00:00+01:00,252
2022-01-23 04:30:00+01:00,228
2022-01-23 05:00:00+01:00,276
2022-01-23 05:30:00+01:00,262
2022-01-23 06:00:00+01:00,558
2022-01-23 06:30:00+01:00,282
2022-01-23 07:00:00+01:00,402
2022-01-23 07:30:00+01:00,336
2022-01-23 08:00:00+01:00,272
2022-01-23 08:30:00+01:00,274
2022-01-23 09:00:00+01:00,276
2022-01-23 09:30:00+01:00,546
2022-01-23 10:00:00+01:00,1012
2022-01-23 10:30:00+01:00,716
2022-01-23 11:00:00+01:00,1262
2022-01-23 11:30:00+01:00,268
2022-01-23 12:00:00+01:00,212
2022-01-23 12:30:00+01:00,198
2022-01-23 13:00:00+01:00,176
2022-01-23 13:30:00+01:00,286
2022-01-23 14:00:00+01:00,270
2022-01-23 14:30:00+01:00,216
2022-01-23 15:00:00+01:00,260
2022-01-23 15:30:00+01:00,256
2022-01-23 16:00:00+01:00,246
2022-01-23 16:30:00+01:00,242
2022-01-23 17:00:00+01:00,232
2022-01-23 17:30:00+01:00,232
2022-01-23 18:00:00+01:00,262
2022-01-23 18:30:00+01:00,240
2022-01-23 19:00:00+01:00,170
2022-01-23 19:30:00+01:00,208
2022-01-23 20:00:00+01:00,612
2022-01-23 20:30:00+01:00,406
2022-01-23 21:00:00+01:00,572
2022-01-23 21:30:00+01:00,452
2022-01-23 22:00:00+01:00,426
2022-01-23 22:30:00+01:00,580
2022-01-23 23:00:00+01:00,458
2022-01-23 23:30:00+01:00,288
2022-01-24 00:00:00+01:00,236
2022-01-24 00:30:00+01:00,238
2022-01-24 01:00:00+01:00,270
2022-01-24 01:30:00+01:00,256
2022-01-24 02:00:00+01:00,232
2022-01-24 02:30:00+01:00,248
2022-01-24 03:00:00+01:00,246
2022-01-24 03:30:00+01:00,252
2022-01-24 04:00:00+01:00,260
2022-01-24 04:30:00+01:00,296
2022-01-24 05:00:00+01:00,308
2022-01-24 05:30:00+01:00,266
2022-01-24 06:00:00+01:00,202
2022-01-24 06:30:00+01:00,178
2022-01-24 07:00:00+01:00,494
2022-01-24 07:30:00+01:00,806
2022-01-24 08:00:00+01:00,402
2022-01-24 08:30:00+01:00,236
2022-01-24 09:00:00+01:00,222
2022-01-24 09:30:00+01:00,220
2022-01-24 10:00:00+01:00,278
2022-01-24 10:30:00+01:00,296
2022-01-24 11:00:00+01:00,336
2022-01-24 11:30:00+01:00,274
2022-01-24 12:00:00+01:00,562
2022-01-24 12:30:00+01:00,1086
2022-01-24 13:00:00+01:00,798
2022-01-24 13:30:00+01:00,428
2022-01-24 14:00:00+01:00,290
2022-01-24 14:30:00+01:00,246
2022-01-24 15:00:00+01:00,316
2022-01-24 15:30:00+01:00,408
2022-01-24 16:00:00+01:00,266
2022-01-24 16:30:00+01:00,240
2022-01-24 17:00:00+01:00,150
2022-01-24 17:30:00+01:00,238
2022-01-24 18:00:00+01:00,466
2022-01-24 18:30:00+01:00,220
2022-01-24 19:00:00+01:00,376
2022-01-24 19:30:00+01:00,746
2022-01-24 20:00:00+01:00,1638
2022-01-24 20:30:00+01:00,780
2022-01-24 21:00:00+01:00,476
2022-01-24 21:30:00+01:00,406
2022-01-24 22:00:00+01:00,422
2022-01-24 22:30:00+01:00,448
2022-01-24 23:00:00+01:00,432
2022-01-24 23:30:00+01:00,280
2022-01-25 00:00:00+01:00,264
2022-01-25 00:30:00+01:00,270
2022-01-25 01:00:00+01:00,210
2022-01-25 01:30:00+01:00,258
2022-01-25 02:00:00+01:00,312
2022-01-25 02:30:00+01:00,284
2022-01-25 03:00:00+01:00,266
2022-01-25 03:30:00+01:00,214
2022-01-25 04:00:00+01:00,184
2022-01-25 04:30:00+01:00,192
2022-01-25 05:00:00+01:00,222
2022-01-25 05:30:00+01:00,220
2022-01-25 06:00:00+01:00,184
2022-01-25 06:30:00+01:00,608
2022-01-25 07:00:00+01:00,342
2022-01-25 07:30:00+01:00,640
2022-01-25 08:00:00+01:00,622
2022-01-25 08:30:00+01:00,324
2022-01-25 09:00:00+01:00,296
2022-01-25 09:30:00+01:00,800
2022-01-25 10:00:00+01:00,1404
2022-01-25 10:30:00+01:00,804
2022-01-25 11:00:00+01:00,356
2022-01-25 11:30:00+01:00,398
2022-01-25 12:00:00+01:00,948
2022-01-25 12:30:00+01:00,418
2022-01-25 13:00:00+01:00,668
2022-01-25 13:30:00+01:00,828
2022-01-25 14:00:00+01:00,1236
2022-01-25 14:30:00+01:00,698
2022-01-25 15:00:00+01:00,828
2022-01-25 15:30:00+01:00,234
2022-01-25 16:00:00+01:00,330
2022-01-25 16:30:00+01:00,218
2022-01-25 17:00:00+01:00,192
2022-01-25 17:30:00+01:00,248
2022-01-25 18:00:00+01:00,246
2022-01-25 18:30:00+01:00,206
2022-01-25 19:00:00+01:00,604
2022-01-25 19:30:00+01:00,2174
2022-01-25 20:00:00+01:00,2086
2022-01-25 20:30:00+01:00,534
2022-01-25 21:00:00+01:00,522
2022-01-25 21:30:00+01:00,790
2022-01-25 22:00:00+01:00,750
2022-01-25 22:30:00+01:00,600
2022-01-25 23:00:00+01:00,430
2022-01-25 23:30:00+01:00,278
2022-01-26 00:00:00+01:00,370
2022-01-26 00:30:00+01:00,320
2022-01-26 01:00:00+01:00,296
2022-01-26 01:30:00+01:00,174
2022-01-26 02:00:00+01:00,212
2022-01-26 02:30:00+01:00,202
2022-01-26 03:00:00+01:00,214
2022-01-26 03:30:00+01:00,214
2022-01-26 04:00:00+01:00,172
2022-01-26 04:30:00+01:00,214
2022-01-26 05:00:00+01:00,240
2022-01-26 05:30:00+01:00,182
2022-01-26 06:00:00+01:00,202
2022-01-26 06:30:00+01:00,298
2022-01-26 07:00:00+01:00,894
2022-01-26 07:30:00+01:00,500
2022-01-26 08:00:00+01:00,316
2022-01-26 08:30:00+01:00,280
2022-01-26 09:00:00+01:00,230
2022-01-26 09:30:00+01:00,314
2022-01-26 10:00:00+01:00,322
2022-01-26 10:30:00+01:00,278
2022-01-26 11:00:00+01:00,342
2022-01-26 11:30:00+01:00,326
2022-01-26 12:00:00+01:00,1360
2022-01-26 12:30:00+01:00,652
2022-01-26 13:00:00+01:00,744
2022-01-26 13:30:00+01:00,464
2022-01-26 14:00:00+01:00,626
2022-01-26 14:30:00+01:00,374
2022-01-26 15:00:00+01:00,298
2022-01-26 15:30:00+01:00,380
2022-01-26 16:00:00+01:00,268
2022-01-26 16:30:00+01:00,236
2022-01-26 17:00:00+01:00,302
2022-01-26 17:30:00+01:00,278
2022-01-26 18:00:00+01:00,230
2022-01-26 18:30:00+01:00,254
2022-01-26 19:00:00+01:00,208
2022-01-26 19:30:00+01:00,268
2022-01-26 20:00:00+01:00,204
2022-01-26 20:30:00+01:00,492
2022-01-26 21:00:00+01:00,802
2022-01-26 21:30:00+01:00,530
2022-01-26 22:00:00+01:00,444
2022-01-26 22:30:00+01:00,456
2022-01-26 23:00:00+01:00,426
2022-01-26 23:30:00+01:00,324
2022-01-27 00:00:00+01:00,234
2022-01-27 00:30:00+01:00,244
2022-01-27 01:00:00+01:00,290
2022-01-27 01:30:00+01:00,228
2022-01-27 02:00:00+01:00,240
2022-01-27 02:30:00+01:00,278
2022-01-27 03:00:00+01:00,230
2022-01-27 03:30:00+01:00,216
2022-01-27 04:00:00+01:00,208
2022-01-27 04:30:00+01:00,194
2022-01-27 05:00:00+01:00,212
2022-01-27 05:30:00+01:00,182
2022-01-27 06:00:00+01:00,516
2022-01-27 06:30:00+01:00,250
2022-01-27 07:00:00+01:00,320
2022-01-27 07:30:00+01:00,750
2022-01-27 08:00:00+01:00,416
2022-01-27 08:30:00+01:00,456
2022-01-27 09:00:00+01:00,354
2022-01-27 09:30:00+01:00,382
2022-01-27 10:00:00+01:00,300
2022-01-27 10:30:00+01:00,316
2022-01-27 11:00:00+01:00,306
2022-01-27 11:30:00+01:00,300
2022-01-27 12:00:00+01:00,312
2022-01-27 12:30:00+01:00,554
2022-01-27 13:00:00+01:00,994
2022-01-27 13:30:00+01:00,1000
2022-01-27 14:00:00+01:00,676
2022-01-27 14:30:00+01:00,288
2022-01-27 15:00:00+01:00,212
2022-01-27 15:30:00+01:00,216
2022-01-27 16:00:00+01:00,184
2022-01-27 16:30:00+01:00,252
2022-01-27 17:00:00+01:00,264
2022-01-27 17:30:00+01:00,208
2022-01-27 18:00:00+01:00,314
2022-01-27 18:30:00+01:00,362
2022-01-27 19:00:00+01:00,396
2022-01-27 19:30:00+01:00,520
2022-01-27 20:00:00+01:00,580
2022-01-27 20:30:00+01:00,432
2022-01-27 21:00:00+01:00,524
2022-01-27 21:30:00+01:00,486
2022-01-27 22:00:00+01:00,432
2022-01-27 22:30:00+01:00,450
2022-01-27 23:00:00+01:00,344
2022-01-27 23:30:00+01:00,324
2022-01-28 00:00:00+01:00,330
2022-01-28 00:30:00+01:00,270
2022-01-28 01:00:00+01:00,204
2022-01-28 01:30:00+01:00,228
2022-01-28 02:00:00+01:00,214
2022-01-28 02:30:00+01:00,178
2022-01-28 03:00:00+01:00,218
2022-01-28 03:30:00+01:00,252
2022-01-28 04:00:00+01:00,196
2022-01-28 04:30:00+01:00,194
2022-01-28 05:00:00+01:00,214
2022-01-28 05:30:00+01:00,226
2022-01-28 06:00:00+01:00,220
2022-01-28 06:30:00+01:00,264
2022-01-28 07:00:00+01:00,392
2022-01-28 07:30:00+01:00,522
2022-01-28 08:00:00+01:00,320
2022-01-28 08:30:00+01:00,272
2022-01-28 09:00:00+01:00,274
2022-01-28 09:30:00+01:00,260
2022-01-28 10:00:00+01:00,546
2022-01-28 10:30:00+01:00,302
2022-01-28 11:00:00+01:00,274
2022-01-28 11:30:00+01:00,1246
2022-01-28 12:00:00+01:00,930
2022-01-28 12:30:00+01:00,990
2022-01-28 13:00:00+01:00,646
2022-01-28 13:30:00+01:00,490
2022-01-28 14:00:00+01:00,328
2022-01-28 14:30:00+01:00,238
2022-01-28 15:00:00+01:00,218
2022-01-28 15:30:00+01:00,172
2022-01-28 16:00:00+01:00,236
2022-01-28 16:30:00+01:00,236
2022-01-28 17:00:00+01:00,226
2022-01-28 17:30:00+01:00,250
2022-01-28 18:00:00+01:00,268
2022-01-28 18:30:00+01:00,336
2022-01-28 19:00:00+01:00,464
2022-01-28 19:30:00+01:00,634
2022-01-28 20:00:00+01:00,644
2022-01-28 20:30:00+01:00,548
2022-01-28 21:00:00+01:00,532
2022-01-28 21:30:00+01:00,568
2022-01-28 22:00:00+01:00,642
2022-01-28 22:30:00+01:00,410
2022-01-28 23:00:00+01:00,218
2022-01-28 23:30:00+01:00,264
2022-01-29 00:00:00+01:00,224
2022-01-29 00:30:00+01:00,208
2022-01-29 01:00:00+01:00,268
2022-01-29 01:30:00+01:00,212
2022-01-29 02:00:00+01:00,296
2022-01-29 02:30:00+01:00,306
2022-01-29 03:00:00+01:00,266
2022-01-29 03:30:00+01:00,286
2022-01-29 04:00:00+01:00,276
2022-01-29 04:30:00+01:00,278
2022-01-29 05:00:00+01:00,284
2022-01-29 05:30:00+01:00,252
2022-01-29 06:00:00+01:00,616
2022-01-29 06:30:00+01:00,370
2022-01-29 07:00:00+01:00,306
2022-01-29 07:30:00+01:00,348
2022-01-29 08:00:00+01:00,324
2022-01-29 08:30:00+01:00,246
2022-01-29 09:00:00+01:00,736
2022-01-29 09:30:00+01:00,292
2022-01-29 10:00:00+01:00,240
2022-01-29 10:30:00+01:00,248
2022-01-29 11:00:00+01:00,244
2022-01-29 11:30:00+01:00,1136
2022-01-29 12:00:00+01:00,1124
2022-01-29 12:30:00+01:00,748
2022-01-29 13:00:00+01:00,426
2022-01-29 13:30:00+01:00,418
2022-01-29 14:00:00+01:00,310
2022-01-29 14:30:00+01:00,228
2022-01-29 15:00:00+01:00,284
2022-01-29 15:30:00+01:00,238
2022-01-29 16:00:00+01:00,244
2022-01-29 16:30:00+01:00,280
2022-01-29 17:00:00+01:00,222
2022-01-29 17:30:00+01:00,216
2022-01-29 18:00:00+01:00,194
2022-01-29 18:30:00+01:00,218
2022-01-29 19:00:00+01:00,628
2022-01-29 19:30:00+01:00,1680
2022-01-29 20:00:00+01:00,1524
2022-01-29 20:30:00+01:00,846
2022-01-29 21:00:00+01:00,1510
2022-01-29 21:30:00+01:00,588
2022-01-29 22:00:00+01:00,2090
2022-01-29 22:30:00+01:00,606
2022-01-29 23:00:00+01:00,390
2022-01-29 23:30:00+01:00,280
2022-01-30 00:00:00+01:00,264
2022-01-30 00:30:00+01:00,276
2022-01-30 01:00:00+01:00,270
2022-01-30 01:30:00+01:00,238
2022-01-30 02:00:00+01:00,286
2022-01-30 02:30:00+01:00,266
2022-01-30 03:00:00+01:00,232
2022-01-30 03:30:00+01:00,284
2022-01-30 04:00:00+01:00,266
2022-01-30 04:30:00+01:00,194
2022-01-30 05:00:00+01:00,206
2022-01-30 05:30:00+01:00,248
2022-01-30 06:00:00+01:00,218
2022-01-30 06:30:00+01:00,178
2022-01-30 07:00:00+01:00,498
2022-01-30 07:30:00+01:00,414
2022-01-30 08:00:00+01:00,308
2022-01-30 08:30:00+01:00,238
2022-01-30 09:00:00+01:00,278
2022-01-30 09:30:00+01:00,586
2022-01-30 10:00:00+01:00,340
2022-01-30 10:30:00+01:00,434
2022-01-30 11:00:00+01:00,550
2022-01-30 11:30:00+01:00,1138
2022-01-30 12:00:00+01:00,2882
2022-01-30 12:30:00+01:00,1008
2022-01-30 13:00:00+01:00,1132
2022-01-30 13:30:00+01:00,640
2022-01-30 14:00:00+01:00,560
2022-01-30 14:30:00+01:00,424
2022-01-30 15:00:00+01:00,426
2022-01-30 15:30:00+01:00,274
2022-01-30 16:00:00+01:00,256
2022-01-30 16:30:00+01:00,250
2022-01-30 17:00:00+01:00,568
2022-01-30 17:30:00+01:00,286
2022-01-30 18:00:00+01:00,278
2022-01-30 18:30:00+01:00,388
2022-01-30 19:00:00+01:00,964
2022-01-30 19:30:00+01:00,402
2022-01-30 20:00:00+01:00,1524
2022-01-30 20:30:00+01:00,532
2022-01-30 21:00:00+01:00,1566
2022-01-30 21:30:00+01:00,778
2022-01-30 22:00:00+01:00,694
2022-01-30 22:30:00+01:00,490
2022-01-30 23:00:00+01:00,364
2022-01-30 23:30:00+01:00,264
2022-01-31 00:00:00+01:00,272
2022-01-31 00:30:00+01:00,282
2022-01-31 01:00:00+01:00,258
2022-01-31 01:30:00+01:00,284
2022-01-31 02:00:00+01:00,264
2022-01-31 02:30:00+01:00,260
2022-01-31 03:00:00+01:00,266
2022-01-31 03:30:00+01:00,254
2022-01-31 04:00:00+01:00,270
2022-01-31 04:30:00+01:00,250
2022-01-31 05:00:00+01:00,252
2022-01-31 05:30:00+01:00,222
2022-01-31 06:00:00+01:00,220
2022-01-31 06:30:00+01:00,308
2022-01-31 07:00:00+01:00,644
2022-01-31 07:30:00+01:00,622
2022-01-31 08:00:00+01:00,486
2022-01-31 08:30:00+01:00,464
2022-01-31 09:00:00+01:00,402
2022-01-31 09:30:00+01:00,370
2022-01-31 10:00:00+01:00,434
2022-01-31 10:30:00+01:00,384
2022-01-31 11:00:00+01:00,224
2022-01-31 11:30:00+01:00,258
2022-01-31 12:00:00+01:00,444
2022-01-31 12:30:00+01:00,1306
2022-01-31 13:00:00+01:00,538
2022-01-31 13:30:00+01:00,406
2022-01-31 14:00:00+01:00,350
2022-01-31 14:30:00+01:00,274
2022-01-31 15:00:00+01:00,246
2022-01-31 15:30:00+01:00,244
2022-01-31 16:00:00+01:00,200
2022-01-31 16:30:00+01:00,174
2022-01-31 17:00:00+01:00,306
2022-01-31 17:30:00+01:00,248
2022-01-31 18:00:00+01:00,250
2022-01-31 18:30:00+01:00,278
2022-01-31 19:00:00+01:00,184
2022-01-31 19:30:00+01:00,198
2022-01-31 20:00:00+01:00,218
2022-01-31 20:30:00+01:00,324
2022-01-31 21:00:00+01:00,836
2022-01-31 21:30:00+01:00,478
2022-01-31 22:00:00+01:00,466
2022-01-31 22:30:00+01:00,476
2022-01-31 23:00:00+01:00,290
2022-01-31 23:30:00+01:00,280
2022-02-01 00:00:00+01:00,236
2022-02-01 00:30:00+01:00,260
2022-02-01 01:00:00+01:00,262
2022-02-01 01:30:00+01:00,252
2022-02-01 02:00:00+01:00,260
2022-02-01 02:30:00+01:00,248
2022-02-01 03:00:00+01:00,258
2022-02-01 03:30:00+01:00,260
2022-02-01 04:00:00+01:00,194
2022-02-01 04:30:00+01:00,222
2022-02-01 05:00:00+01:00,214
2022-02-01 05:30:00+01:00,180
2022-02-01 06:00:00+01:00,224
2022-02-01 06:30:00+01:00,214
2022-02-01 07:00:00+01:00,534
2022-02-01 07:30:00+01:00,664
2022-02-01 08:00:00+01:00,638
2022-02-01 08:30:00+01:00,318
2022-02-01 09:00:00+01:00,232
2022-02-01 09:30:00+01:00,280
2022-02-01 10:00:00+01:00,238
2022-02-01 10:30:00+01:00,240
2022-02-01 11:00:00+01:00,284
2022-02-01 11:30:00+01:00,244
2022-02-01 12:00:00+01:00,248
2022-02-01 12:30:00+01:00,398
2022-02-01 13:00:00+01:00,896
2022-02-01 13:30:00+01:00,628
2022-02-01 14:00:00+01:00,490
2022-02-01 14:30:00+01:00,340
2022-02-01 15:00:00+01:00,264
2022-02-01 15:30:00+01:00,314
2022-02-01 16:00:00+01:00,222
2022-02-01 16:30:00+01:00,272
2022-02-01 17:00:00+01:00,292
2022-02-01 17:30:00+01:00,222
2022-02-01 18:00:00+01:00,386
2022-02-01 18:30:00+01:00,1470
2022-02-01 19:00:00+01:00,870
2022-02-01 19:30:00+01:00,506
2022-02-01 20:00:00+01:00,592
2022-02-01 20:30:00+01:00,654
2022-02-01 21:00:00+01:00,1212
2022-02-01 21:30:00+01:00,482
2022-02-01 22:00:00+01:00,1892
2022-02-01 22:30:00+01:00,406
2022-02-01 23:00:00+01:00,1450
2022-02-01 23:30:00+01:00,238
2022-02-02 00:00:00+01:00,232
2022-02-02 00:30:00+01:00,274
2022-02-02 01:00:00+01:00,230
2022-02-02 01:30:00+01:00,162
2022-02-02 02:00:00+01:00,230
2022-02-02 02:30:00+01:00,206
2022-02-02 03:00:00+01:00,172
2022-02-02 03:30:00+01:00,200
2022-02-02 04:00:00+01:00,218
2022-02-02 04:30:00+01:00,306
2022-02-02 05:00:00+01:00,254
2022-02-02 05:30:00+01:00,256
2022-02-02 06:00:00+01:00,222
2022-02-02 06:30:00+01:00,682
2022-02-02 07:00:00+01:00,372
2022-02-02 07:30:00+01:00,736
2022-02-02 08:00:00+01:00,372
2022-02-02 08:30:00+01:00,356
2022-02-02 09:00:00+01:00,238
2022-02-02 09:30:00+01:00,290
2022-02-02 10:00:00+01:00,240
2022-02-02 10:30:00+01:00,240
2022-02-02 11:00:00+01:00,288
2022-02-02 11:30:00+01:00,248
2022-02-02 12:00:00+01:00,188
2022-02-02 12:30:00+01:00,1410
2022-02-02 13:00:00+01:00,512
2022-02-02 13:30:00+01:00,286
2022-02-02 14:00:00+01:00,278
2022-02-02 14:30:00+01:00,254
2022-02-02 15:00:00+01:00,230
2022-02-02 15:30:00+01:00,330
2022-02-02 16:00:00+01:00,272
2022-02-02 16:30:00+01:00,436
2022-02-02 17:00:00+01:00,236
2022-02-02 17:30:00+01:00,280
2022-02-02 18:00:00+01:00,228
2022-02-02 18:30:00+01:00,252
2022-02-02 19:00:00+01:00,270
2022-02-02 19:30:00+01:00,256
2022-02-02 20:00:00+01:00,368
2022-02-02 20:30:00+01:00,510
2022-02-02 21:00:00+01:00,600
2022-02-02 21:30:00+01:00,488
2022-02-02 22:00:00+01:00,470
2022-02-02 22:30:00+01:00,418
2022-02-02 23:00:00+01:00,424
2022-02-02 23:30:00+01:00,240
2022-02-03 00:00:00+01:00,176
2022-02-03 00:30:00+01:00,226
2022-02-03 01:00:00+01:00,210
2022-02-03 01:30:00+01:00,208
2022-02-03 02:00:00+01:00,296
2022-02-03 02:30:00+01:00,264
2022-02-03 03:00:00+01:00,264
2022-02-03 03:30:00+01:00,178
2022-02-03 04:00:00+01:00,292
2022-02-03 04:30:00+01:00,220
2022-02-03 05:00:00+01:00,250
2022-02-03 05:30:00+01:00,268
2022-02-03 06:00:00+01:00,254
2022-02-03 06:30:00+01:00,634
2022-02-03 07:00:00+01:00,514
2022-02-03 07:30:00+01:00,832
2022-02-03 08:00:00+01:00,478
2022-02-03 08:30:00+01:00,438
2022-02-03 09:00:00+01:00,246
2022-02-03 09:30:00+01:00,196
2022-02-03 10:00:00+01:00,230
2022-02-03 10:30:00+01:00,204
2022-02-03 11:00:00+01:00,186
2022-02-03 11:30:00+01:00,366
2022-02-03 12:00:00+01:00,278
2022-02-03 12:30:00+01:00,258
2022-02-03 13:00:00+01:00,374
2022-02-03 13:30:00+01:00,362
2022-02-03 14:00:00+01:00,262
2022-02-03 14:30:00+01:00,242
2022-02-03 15:00:00+01:00,242
2022-02-03 15:30:00+01:00,276
2022-02-03 16:00:00+01:00,250
2022-02-03 16:30:00+01:00,244
2022-02-03 17:00:00+01:00,250
2022-02-03 17:30:00+01:00,304
2022-02-03 18:00:00+01:00,290
2022-02-03 18:30:00+01:00,310
2022-02-03 19:00:00+01:00,482
2022-02-03 19:30:00+01:00,1588
2022-02-03 20:00:00+01:00,526
2022-02-03 20:30:00+01:00,490
2022-02-03 21:00:00+01:00,486
2022-02-03 21:30:00+01:00,436
2022-02-03 22:00:00+01:00,502
2022-02-03 22:30:00+01:00,472
2022-02-03 23:00:00+01:00,358
2022-02-03 23:30:00+01:00,278
2022-02-04 00:00:00+01:00,364
2022-02-04 00:30:00+01:00,296
2022-02-04 01:00:00+01:00,268
2022-02-04 01:30:00+01:00,174
2022-02-04 02:00:00+01:00,236
2022-02-04 02:30:00+01:00,174
2022-02-04 03:00:00+01:00,224
2022-02-04 03:30:00+01:00,204
2022-02-04 04:00:00+01:00,220
2022-02-04 04:30:00+01:00,304
2022-02-04 05:00:00+01:00,264
2022-02-04 05:30:00+01:00,220
2022-02-04 06:00:00+01:00,290
2022-02-04 06:30:00+01:00,232
2022-02-04 07:00:00+01:00,600
2022-02-04 07:30:00+01:00,1016
2022-02-04 08:00:00+01:00,670
2022-02-04 08:30:00+01:00,1388
2022-02-04 09:00:00+01:00,360
2022-02-04 09:30:00+01:00,360
2022-02-04 10:00:00+01:00,274
2022-02-04 10:30:00+01:00,282
2022-02-04 11:00:00+01:00,386
2022-02-04 11:30:00+01:00,310
2022-02-04 12:00:00+01:00,306
2022-02-04 12:30:00+01:00,374
2022-02-04 13:00:00+01:00,444
2022-02-04 13:30:00+01:00,196
2022-02-04 14:00:00+01:00,222
2022-02-04 14:30:00+01:00,196
2022-02-04 15:00:00+01:00,204
2022-02-04 15:30:00+01:00,258
2022-02-04 16:00:00+01:00,242
2022-02-04 16:30:00+01:00,250
2022-02-04 17:00:00+01:00,268
2022-02-04 17:30:00+01:00,236
2022-02-04 18:00:00+01:00,248
2022-02-04 18:30:00+01:00,320
2022-02-04 19:00:00+01:00,394
2022-02-04 19:30:00+01:00,514
2022-02-04 20:00:00+01:00,440
2022-02-04 20:30:00+01:00,454
2022-02-04 21:00:00+01:00,444
2022-02-04 21:30:00+01:00,456
2022-02-04 22:00:00+01:00,564
2022-02-04 22:30:00+01:00,462
2022-02-04 23:00:00+01:00,370
2022-02-04 23:30:00+01:00,284
2022-02-05 00:00:00+01:00,338
2022-02-05 00:30:00+01:00,268
2022-02-05 01:00:00+01:00,320
2022-02-05 01:30:00+01:00,296
2022-02-05 02:00:00+01:00,266
2022-02-05 02:30:00+01:00,324
2022-02-05 03:00:00+01:00,286
2022-02-05 03:30:00+01:00,276
2022-02-05 04:00:00+01:00,384
2022-02-05 04:30:00+01:00,332
2022-02-05 05:00:00+01:00,332
2022-02-05 05:30:00+01:00,360
2022-02-05 06:00:00+01:00,340
2022-02-05 06:30:00+01:00,344
2022-02-05 07:00:00+01:00,388
2022-02-05 07:30:00+01:00,600
2022-02-05 08:00:00+01:00,276
2022-02-05 08:30:00+01:00,622
2022-02-05 09:00:00+01:00,496
2022-02-05 09:30:00+01:00,306
2022-02-05 10:00:00+01:00,294
2022-02-05 10:30:00+01:00,376
2022-02-05 11:00:00+01:00,520
2022-02-05 11:30:00+01:00,230
2022-02-05 12:00:00+01:00,278
2022-02-05 12:30:00+01:00,850
2022-02-05 13:00:00+01:00,468
2022-02-05 13:30:00+01:00,480
2022-02-05 14:00:00+01:00,334
2022-02-05 14:30:00+01:00,174
2022-02-05 15:00:00+01:00,218
2022-02-05 15:30:00+01:00,220
2022-02-05 16:00:00+01:00,288
2022-02-05 16:30:00+01:00,260
2022-02-05 17:00:00+01:00,230
2022-02-05 17:30:00+01:00,288
2022-02-05 18:00:00+01:00,506
2022-02-05 18:30:00+01:00,508
2022-02-05 19:00:00+01:00,602
2022-02-05 19:30:00+01:00,522
2022-02-05 20:00:00+01:00,966
2022-02-05 20:30:00+01:00,584
2022-02-05 21:00:00+01:00,420
2022-02-05 21:30:00+01:00,742
2022-02-05 22:00:00+01:00,1432
2022-02-05 22:30:00+01:00,1012
2022-02-05 23:00:00+01:00,382
2022-02-05 23:30:00+01:00,1188
2022-02-06 00:00:00+01:00,236
2022-02-06 00:30:00+01:00,194
2022-02-06 01:00:00+01:00,182
2022-02-06 01:30:00+01:00,236
2022-02-06 02:00:00+01:00,212
2022-02-06 02:30:00+01:00,176
2022-02-06 03:00:00+01:00,276
2022-02-06 03:30:00+01:00,268
2022-02-06 04:00:00+01:00,224
2022-02-06 04:30:00+01:00,268
2022-02-06 05:00:00+01:00,362
2022-02-06 05:30:00+01:00,314
2022-02-06 06:00:00+01:00,304
2022-02-06 06:30:00+01:00,210
2022-02-06 07:00:00+01:00,430
2022-02-06 07:30:00+01:00,294
2022-02-06 08:00:00+01:00,576
2022-02-06 08:30:00+01:00,948
2022-02-06 09:00:00+01:00,604
2022-02-06 09:30:00+01:00,328
2022-02-06 10:00:00+01:00,344
2022-02-06 10:30:00+01:00,648
2022-02-06 11:00:00+01:00,346
2022-02-06 11:30:00+01:00,620
2022-02-06 12:00:00+01:00,288
2022-02-06 12:30:00+01:00,214
2022-02-06 13:00:00+01:00,258
2022-02-06 13:30:00+01:00,226
2022-02-06 14:00:00+01:00,208
2022-02-06 14:30:00+01:00,202
2022-02-06 15:00:00+01:00,172
2022-02-06 15:30:00+01:00,238
2022-02-06 16:00:00+01:00,324
2022-02-06 16:30:00+01:00,262
2022-02-06 17:00:00+01:00,230
2022-02-06 17:30:00+01:00,242
2022-02-06 18:00:00+01:00,528
2022-02-06 18:30:00+01:00,488
2022-02-06 19:00:00+01:00,502
2022-02-06 19:30:00+01:00,1128
2022-02-06 20:00:00+01:00,660
2022-02-06 20:30:00+01:00,970
2022-02-06 21:00:00+01:00,944
2022-02-06 21:30:00+01:00,1208
2022-02-06 22:00:00+01:00,1326
2022-02-06 22:30:00+01:00,554
2022-02-06 23:00:00+01:00,364
2022-02-06 23:30:00+01:00,260
2022-02-07 00:00:00+01:00,254
2022-02-07 00:30:00+01:00,274
2022-02-07 01:00:00+01:00,256
2022-02-07 01:30:00+01:00,250
2022-02-07 02:00:00+01:00,204
2022-02-07 02:30:00+01:00,298
2022-02-07 03:00:00+01:00,252
2022-02-07 03:30:00+01:00,272
2022-02-07 04:00:00+01:00,206
2022-02-07 04:30:00+01:00,188
2022-02-07 05:00:00+01:00,226
2022-02-07 05:30:00+01:00,202
2022-02-07 06:00:00+01:00,318
2022-02-07 06:30:00+01:00,512
2022-02-07 07:00:00+01:00,740
2022-02-07 07:30:00+01:00,712
2022-02-07 08:00:00+01:00,446
2022-02-07 08:30:00+01:00,410
2022-02-07 09:00:00+01:00,412
2022-02-07 09:30:00+01:00,304
2022-02-07 10:00:00+01:00,292
2022-02-07 10:30:00+01:00,272
2022-02-07 11:00:00+01:00,418
2022-02-07 11:30:00+01:00,276
2022-02-07 12:00:00+01:00,266
2022-02-07 12:30:00+01:00,280
2022-02-07 13:00:00+01:00,464
2022-02-07 13:30:00+01:00,334
2022-02-07 14:00:00+01:00,340
2022-02-07 14:30:00+01:00,268
2022-02-07 15:00:00+01:00,238
2022-02-07 15:30:00+01:00,184
2022-02-07 16:00:00+01:00,224
2022-02-07 16:30:00+01:00,204
2022-02-07 17:00:00+01:00,170
2022-02-07 17:30:00+01:00,238
2022-02-07 18:00:00+01:00,254
2022-02-07 18:30:00+01:00,284
2022-02-07 19:00:00+01:00,582
2022-02-07 19:30:00+01:00,1980
2022-02-07 20:00:00+01:00,770
2022-02-07 20:30:00+01:00,762
2022-02-07 21:00:00+01:00,524
2022-02-07 21:30:00+01:00,466
2022-02-07 22:00:00+01:00,566
2022-02-07 22:30:00+01:00,574
2022-02-07 23:00:00+01:00,630
2022-02-07 23:30:00+01:00,616
2022-02-08 00:00:00+01:00,520
2022-02-08 00:30:00+01:00,242
2022-02-08 01:00:00+01:00,232
2022-02-08 01:30:00+01:00,192
2022-02-08 02:00:00+01:00,206
2022-02-08 02:30:00+01:00,182
2022-02-08 03:00:00+01:00,228
2022-02-08 03:30:00+01:00,216
2022-02-08 04:00:00+01:00,162
2022-02-08 04:30:00+01:00,216
2022-02-08 05:00:00+01:00,284
2022-02-08 05:30:00+01:00,232
2022-02-08 06:00:00+01:00,242
2022-02-08 06:30:00+01:00,248
2022-02-08 07:00:00+01:00,458
2022-02-08 07:30:00+01:00,620
2022-02-08 08:00:00+01:00,564
2022-02-08 08:30:00+01:00,394
2022-02-08 09:00:00+01:00,446
2022-02-08 09:30:00+01:00,300
2022-02-08 10:00:00+01:00,260
2022-02-08 10:30:00+01:00,402
2022-02-08 11:00:00+01:00,290
2022-02-08 11:30:00+01:00,632
2022-02-08 12:00:00+01:00,360
2022-02-08 12:30:00+01:00,1192
2022-02-08 13:00:00+01:00,1694
2022-02-08 13:30:00+01:00,634
2022-02-08 14:00:00+01:00,498
2022-02-08 14:30:00+01:00,686
2022-02-08 15:00:00+01:00,984
2022-02-08 15:30:00+01:00,868
2022-02-08 16:00:00+01:00,540
2022-02-08 16:30:00+01:00,1284
2022-02-08 17:00:00+01:00,296
2022-02-08 17:30:00+01:00,262
2022-02-08 18:00:00+01:00,286
2022-02-08 18:30:00+01:00,220
2022-02-08 19:00:00+01:00,1234
2022-02-08 19:30:00+01:00,1258
2022-02-08 20:00:00+01:00,836
2022-02-08 20:30:00+01:00,472
2022-02-08 21:00:00+01:00,912
2022-02-08 21:30:00+01:00,944
2022-02-08 22:00:00+01:00,912
2022-02-08 22:30:00+01:00,2266
2022-02-08 23:00:00+01:00,1182
2022-02-08 23:30:00+01:00,214
2022-02-09 00:00:00+01:00,220
2022-02-09 00:30:00+01:00,194
2022-02-09 01:00:00+01:00,206
2022-02-09 01:30:00+01:00,238
2022-02-09 02:00:00+01:00,200
2022-02-09 02:30:00+01:00,296
2022-02-09 03:00:00+01:00,262
2022-02-09 03:30:00+01:00,220
2022-02-09 04:00:00+01:00,262
2022-02-09 04:30:00+01:00,272
2022-02-09 05:00:00+01:00,276
2022-02-09 05:30:00+01:00,236
2022-02-09 06:00:00+01:00,256
2022-02-09 06:30:00+01:00,476
2022-02-09 07:00:00+01:00,474
2022-02-09 07:30:00+01:00,818
2022-02-09 08:00:00+01:00,404
2022-02-09 08:30:00+01:00,268
2022-02-09 09:00:00+01:00,242
2022-02-09 09:30:00+01:00,176
2022-02-09 10:00:00+01:00,198
2022-02-09 10:30:00+01:00,232
2022-02-09 11:00:00+01:00,218
2022-02-09 11:30:00+01:00,186
2022-02-09 12:00:00+01:00,214
2022-02-09 12:30:00+01:00,1020
2022-02-09 13:00:00+01:00,668
2022-02-09 13:30:00+01:00,524
2022-02-09 14:00:00+01:00,406
2022-02-09 14:30:00+01:00,336
2022-02-09 15:00:00+01:00,288
2022-02-09 15:30:00+01:00,290
2022-02-09 16:00:00+01:00,252
2022-02-09 16:30:00+01:00,300
2022-02-09 17:00:00+01:00,282
2022-02-09 17:30:00+01:00,270
2022-02-09 18:00:00+01:00,252
2022-02-09 18:30:00+01:00,304
2022-02-09 19:00:00+01:00,270
2022-02-09 19:30:00+01:00,234
2022-02-09 20:00:00+01:00,852
2022-02-09 20:30:00+01:00,850
2022-02-09 21:00:00+01:00,644
2022-02-09 21:30:00+01:00,514
2022-02-09 22:00:00+01:00,420
2022-02-09 22:30:00+01:00,390
2022-02-09 23:00:00+01:00,190
2022-02-09 23:30:00+01:00,240
2022-02-10 00:00:00+01:00,296
2022-02-10 00:30:00+01:00,280
2022-02-10 01:00:00+01:00,264
2022-02-10 01:30:00+01:00,218
2022-02-10 02:00:00+01:00,302
2022-02-10 02:30:00+01:00,226
2022-02-10 03:00:00+01:00,250
2022-02-10 03:30:00+01:00,270
2022-02-10 04:00:00+01:00,266
2022-02-10 04:30:00+01:00,238
2022-02-10 05:00:00+01:00,260
2022-02-10 05:30:00+01:00,228
2022-02-10 06:00:00+01:00,430
2022-02-10 06:30:00+01:00,282
2022-02-10 07:00:00+01:00,394
2022-02-10 07:30:00+01:00,738
2022-02-10 08:00:00+01:00,292
2022-02-10 08:30:00+01:00,300
2022-02-10 09:00:00+01:00,280
2022-02-10 09:30:00+01:00,222
2022-02-10 10:00:00+01:00,276
2022-02-10 10:30:00+01:00,368
2022-02-10 11:00:00+01:00,210
2022-02-10 11:30:00+01:00,310
2022-02-10 12:00:00+01:00,242
2022-02-10 12:30:00+01:00,634
2022-02-10 13:00:00+01:00,436
2022-02-10 13:30:00+01:00,344
2022-02-10 14:00:00+01:00,322
2022-02-10 14:30:00+01:00,242
2022-02-10 15:00:00+01:00,314
2022-02-10 15:30:00+01:00,270
2022-02-10 16:00:00+01:00,258
2022-02-10 16:30:00+01:00,314
2022-02-10 17:00:00+01:00,314
2022-02-10 17:30:00+01:00,300
2022-02-10 18:00:00+01:00,286
2022-02-10 18:30:00+01:00,290
2022-02-10 19:00:00+01:00,342
2022-02-10 19:30:00+01:00,544
2022-02-10 20:00:00+01:00,528
2022-02-10 20:30:00+01:00,444
2022-02-10 21:00:00+01:00,478
2022-02-10 21:30:00+01:00,472
2022-02-10 22:00:00+01:00,468
2022-02-10 22:30:00+01:00,486
2022-02-10 23:00:00+01:00,516
2022-02-10 23:30:00+01:00,338
2022-02-11 00:00:00+01:00,326
2022-02-11 00:30:00+01:00,244
2022-02-11 01:00:00+01:00,238
2022-02-11 01:30:00+01:00,190
2022-02-11 02:00:00+01:00,230
2022-02-11 02:30:00+01:00,168
2022-02-11 03:00:00+01:00,210
2022-02-11 03:30:00+01:00,226
2022-02-11 04:00:00+01:00,228
2022-02-11 04:30:00+01:00,294
2022-02-11 05:00:00+01:00,280
2022-02-11 05:30:00+01:00,230
2022-02-11 06:00:00+01:00,264
2022-02-11 06:30:00+01:00,572
2022-02-11 07:00:00+01:00,334
2022-02-11 07:30:00+01:00,318
2022-02-11 08:00:00+01:00,350
2022-02-11 08:30:00+01:00,276
2022-02-11 09:00:00+01:00,254
2022-02-11 09:30:00+01:00,252
2022-02-11 10:00:00+01:00,282
2022-02-11 10:30:00+01:00,538
2022-02-11 11:00:00+01:00,232
2022-02-11 11:30:00+01:00,206
2022-02-11 12:00:00+01:00,688
2022-02-11 12:30:00+01:00,1446
2022-02-11 13:00:00+01:00,964
2022-02-11 13:30:00+01:00,970
2022-02-11 14:00:00+01:00,574
2022-02-11 14:30:00+01:00,210
2022-02-11 15:00:00+01:00,256
2022-02-11 15:30:00+01:00,230
2022-02-11 16:00:00+01:00,408
2022-02-11 16:30:00+01:00,298
2022-02-11 17:00:00+01:00,256
2022-02-11 17:30:00+01:00,264
2022-02-11 18:00:00+01:00,250
2022-02-11 18:30:00+01:00,244
2022-02-11 19:00:00+01:00,410
2022-02-11 19:30:00+01:00,1580
2022-02-11 20:00:00+01:00,920
2022-02-11 20:30:00+01:00,534
2022-02-11 21:00:00+01:00,524
2022-02-11 21:30:00+01:00,500
2022-02-11 22:00:00+01:00,410
2022-02-11 22:30:00+01:00,476
2022-02-11 23:00:00+01:00,378
2022-02-11 23:30:00+01:00,394
2022-02-12 00:00:00+01:00,246
2022-02-12 00:30:00+01:00,210
2022-02-12 01:00:00+01:00,210
2022-02-12 01:30:00+01:00,222
2022-02-12 02:00:00+01:00,182
2022-02-12 02:30:00+01:00,212
2022-02-12 03:00:00+01:00,216
2022-02-12 03:30:00+01:00,284
2022-02-12 04:00:00+01:00,310
2022-02-12 04:30:00+01:00,324
2022-02-12 05:00:00+01:00,254
2022-02-12 05:30:00+01:00,230
2022-02-12 06:00:00+01:00,240
2022-02-12 06:30:00+01:00,274
2022-02-12 07:00:00+01:00,492
2022-02-12 07:30:00+01:00,294
2022-02-12 08:00:00+01:00,334
2022-02-12 08:30:00+01:00,334
2022-02-12 09:00:00+01:00,734
2022-02-12 09:30:00+01:00,322
2022-02-12 10:00:00+01:00,286
2022-02-12 10:30:00+01:00,402
2022-02-12 11:00:00+01:00,282
2022-02-12 11:30:00+01:00,1152
2022-02-12 12:00:00+01:00,508
2022-02-12 12:30:00+01:00,1018
2022-02-12 13:00:00+01:00,448
2022-02-12 13:30:00+01:00,352
2022-02-12 14:00:00+01:00,268
2022-02-12 14:30:00+01:00,298
2022-02-12 15:00:00+01:00,274
2022-02-12 15:30:00+01:00,284
2022-02-12 16:00:00+01:00,226
2022-02-12 16:30:00+01:00,276
2022-02-12 17:00:00+01:00,260
2022-02-12 17:30:00+01:00,216
2022-02-12 18:00:00+01:00,776
2022-02-12 18:30:00+01:00,426
2022-02-12 19:00:00+01:00,528
2022-02-12 19:30:00+01:00,786
2022-02-12 20:00:00+01:00,832
2022-02-12 20:30:00+01:00,612
2022-02-12 21:00:00+01:00,354
2022-02-12 21:30:00+01:00,1140
2022-02-12 22:00:00+01:00,1358
2022-02-12 22:30:00+01:00,890
2022-02-12 23:00:00+01:00,1022
2022-02-12 23:30:00+01:00,452
2022-02-13 00:00:00+01:00,220
2022-02-13 00:30:00+01:00,164
2022-02-13 01:00:00+01:00,328
2022-02-13 01:30:00+01:00,302
2022-02-13 02:00:00+01:00,336
2022-02-13 02:30:00+01:00,252
2022-02-13 03:00:00+01:00,252
2022-02-13 03:30:00+01:00,224
2022-02-13 04:00:00+01:00,282
2022-02-13 04:30:00+01:00,260
2022-02-13 05:00:00+01:00,226
2022-02-13 05:30:00+01:00,246
2022-02-13 06:00:00+01:00,278
2022-02-13 06:30:00+01:00,256
2022-02-13 07:00:00+01:00,398
2022-02-13 07:30:00+01:00,314
2022-02-13 08:00:00+01:00,302
2022-02-13 08:30:00+01:00,318
2022-02-13 09:00:00+01:00,560
2022-02-13 09:30:00+01:00,338
2022-02-13 10:00:00+01:00,218
2022-02-13 10:30:00+01:00,308
2022-02-13 11:00:00+01:00,724
2022-02-13 11:30:00+01:00,332
2022-02-13 12:00:00+01:00,284
2022-02-13 12:30:00+01:00,710
2022-02-13 13:00:00+01:00,520
2022-02-13 13:30:00+01:00,352
2022-02-13 14:00:00+01:00,298
2022-02-13 14:30:00+01:00,304
2022-02-13 15:00:00+01:00,258
2022-02-13 15:30:00+01:00,294
2022-02-13 16:00:00+01:00,246
2022-02-13 16:30:00+01:00,268
2022-02-13 17:00:00+01:00,292
2022-02-13 17:30:00+01:00,278
2022-02-13 18:00:00+01:00,246
2022-02-13 18:30:00+01:00,284
2022-02-13 19:00:00+01:00,424
2022-02-13 19:30:00+01:00,426
2022-02-13 20:00:00+01:00,652
2022-02-13 20:30:00+01:00,442
2022-02-13 21:00:00+01:00,506
2022-02-13 21:30:00+01:00,566
2022-02-13 22:00:00+01:00,552
2022-02-13 22:30:00+01:00,530
2022-02-13 23:00:00+01:00,396
2022-02-13 23:30:00+01:00,302
2022-02-14 00:00:00+01:00,346
2022-02-14 00:30:00+01:00,292
2022-02-14 01:00:00+01:00,288
2022-02-14 01:30:00+01:00,206
2022-02-14 02:00:00+01:00,310
2022-02-14 02:30:00+01:00,250
2022-02-14 03:00:00+01:00,274
2022-02-14 03:30:00+01:00,276
2022-02-14 04:00:00+01:00,274
2022-02-14 04:30:00+01:00,274
2022-02-14 05:00:00+01:00,266
2022-02-14 05:30:00+01:00,280
2022-02-14 06:00:00+01:00,258
2022-02-14 06:30:00+01:00,272
2022-02-14 07:00:00+01:00,592
2022-02-14 07:30:00+01:00,608
2022-02-14 08:00:00+01:00,502
2022-02-14 08:30:00+01:00,278
2022-02-14 09:00:00+01:00,228
2022-02-14 09:30:00+01:00,276
2022-02-14 10:00:00+01:00,240
2022-02-14 10:30:00+01:00,210
2022-02-14 11:00:00+01:00,312
2022-02-14 11:30:00+01:00,298
2022-02-14 12:00:00+01:00,216
2022-02-14 12:30:00+01:00,280
2022-02-14 13:00:00+01:00,306
2022-02-14 13:30:00+01:00,576
2022-02-14 14:00:00+01:00,350
2022-02-14 14:30:00+01:00,344
2022-02-14 15:00:00+01:00,270
2022-02-14 15:30:00+01:00,340
2022-02-14 16:00:00+01:00,296
2022-02-14 16:30:00+01:00,278
2022-02-14 17:00:00+01:00,342
2022-02-14 17:30:00+01:00,294
2022-02-14 18:00:00+01:00,300
2022-02-14 18:30:00+01:00,396
2022-02-14 19:00:00+01:00,514
2022-02-14 19:30:00+01:00,960
2022-02-14 20:00:00+01:00,540
2022-02-14 20:30:00+01:00,612
2022-02-14 21:00:00+01:00,1440
2022-02-14 21:30:00+01:00,442
2022-02-14 22:00:00+01:00,1250
2022-02-14 22:30:00+01:00,444
2022-02-14 23:00:00+01:00,436
2022-02-14 23:30:00+01:00,422
2022-02-15 00:00:00+01:00,458
2022-02-15 00:30:00+01:00,318
2022-02-15 01:00:00+01:00,294
2022-02-15 01:30:00+01:00,304
2022-02-15 02:00:00+01:00,302
2022-02-15 02:30:00+01:00,254
2022-02-15 03:00:00+01:00,270
2022-02-15 03:30:00+01:00,244
2022-02-15 04:00:00+01:00,264
2022-02-15 04:30:00+01:00,256
2022-02-15 05:00:00+01:00,250
2022-02-15 05:30:00+01:00,252
2022-02-15 06:00:00+01:00,270
2022-02-15 06:30:00+01:00,574
2022-02-15 07:00:00+01:00,268
2022-02-15 07:30:00+01:00,446
2022-02-15 08:00:00+01:00,274
2022-02-15 08:30:00+01:00,490
2022-02-15 09:00:00+01:00,1134
2022-02-15 09:30:00+01:00,358
2022-02-15 10:00:00+01:00,642
2022-02-15 10:30:00+01:00,288
2022-02-15 11:00:00+01:00,444
2022-02-15 11:30:00+01:00,232
2022-02-15 12:00:00+01:00,500
2022-02-15 12:30:00+01:00,1316
2022-02-15 13:00:00+01:00,570
2022-02-15 13:30:00+01:00,426
2022-02-15 14:00:00+01:00,320
2022-02-15 14:30:00+01:00,334
2022-02-15 15:00:00+01:00,308
2022-02-15 15:30:00+01:00,290
2022-02-15 16:00:00+01:00,284
2022-02-15 16:30:00+01:00,276
2022-02-15 17:00:00+01:00,272
2022-02-15 17:30:00+01:00,294
2022-02-15 18:00:00+01:00,258
2022-02-15 18:30:00+01:00,214
2022-02-15 19:00:00+01:00,194
2022-02-15 19:30:00+01:00,260
2022-02-15 20:00:00+01:00,640
2022-02-15 20:30:00+01:00,450
2022-02-15 21:00:00+01:00,448
2022-02-15 21:30:00+01:00,366
2022-02-15 22:00:00+01:00,420
2022-02-15 22:30:00+01:00,364
2022-02-15 23:00:00+01:00,438
2022-02-15 23:30:00+01:00,256
2022-02-16 00:00:00+01:00,262
2022-02-16 00:30:00+01:00,272
2022-02-16 01:00:00+01:00,224
2022-02-16 01:30:00+01:00,250
2022-02-16 02:00:00+01:00,272
2022-02-16 02:30:00+01:00,230
2022-02-16 03:00:00+01:00,250
2022-02-16 03:30:00+01:00,356
2022-02-16 04:00:00+01:00,320
2022-02-16 04:30:00+01:00,300
2022-02-16 05:00:00+01:00,222
2022-02-16 05:30:00+01:00,272
2022-02-16 06:00:00+01:00,172
2022-02-16 06:30:00+01:00,202
2022-02-16 07:00:00+01:00,562
2022-02-16 07:30:00+01:00,568
2022-02-16 08:00:00+01:00,314
2022-02-16 08:30:00+01:00,268
2022-02-16 09:00:00+01:00,246
2022-02-16 09:30:00+01:00,580
2022-02-16 10:00:00+01:00,490
2022-02-16 10:30:00+01:00,520
2022-02-16 11:00:00+01:00,502
2022-02-16 11:30:00+01:00,482
2022-02-16 12:00:00+01:00,638
2022-02-16 12:30:00+01:00,752
2022-02-16 13:00:00+01:00,484
2022-02-16 13:30:00+01:00,448
2022-02-16 14:00:00+01:00,556
2022-02-16 14:30:00+01:00,556
2022-02-16 15:00:00+01:00,534
2022-02-16 15:30:00+01:00,288
2022-02-16 16:00:00+01:00,290
2022-02-16 16:30:00+01:00,272
2022-02-16 17:00:00+01:00,258
2022-02-16 17:30:00+01:00,218
2022-02-16 18:00:00+01:00,258
2022-02-16 18:30:00+01:00,382
2022-02-16 19:00:00+01:00,582
2022-02-16 19:30:00+01:00,1316
2022-02-16 20:00:00+01:00,1934
2022-02-16 20:30:00+01:00,1216
2022-02-16 21:00:00+01:00,1154
2022-02-16 21:30:00+01:00,598
2022-02-16 22:00:00+01:00,1518
2022-02-16 22:30:00+01:00,494
2022-02-16 23:00:00+01:00,512
2022-02-16 23:30:00+01:00,282
2022-02-17 00:00:00+01:00,270
2022-02-17 00:30:00+01:00,312
2022-02-17 01:00:00+01:00,388
2022-02-17 01:30:00+01:00,346
2022-02-17 02:00:00+01:00,340
2022-02-17 02:30:00+01:00,242
2022-02-17 03:00:00+01:00,312
2022-02-17 03:30:00+01:00,244
2022-02-17 04:00:00+01:00,226
2022-02-17 04:30:00+01:00,260
2022-02-17 05:00:00+01:00,344
2022-02-17 05:30:00+01:00,362
2022-02-17 06:00:00+01:00,516
2022-02-17 06:30:00+01:00,656
2022-02-17 07:00:00+01:00,688
2022-02-17 07:30:00+01:00,590
2022-02-17 08:00:00+01:00,454
2022-02-17 08:30:00+01:00,322
2022-02-17 09:00:00+01:00,280
2022-02-17 09:30:00+01:00,284
2022-02-17 10:00:00+01:00,326
2022-02-17 10:30:00+01:00,232
2022-02-17 11:00:00+01:00,364
2022-02-17 11:30:00+01:00,278
2022-02-17 12:00:00+01:00,518
2022-02-17 12:30:00+01:00,704
2022-02-17 13:00:00+01:00,604
2022-02-17 13:30:00+01:00,432
2022-02-17 14:00:00+01:00,296
2022-02-17 14:30:00+01:00,272
2022-02-17 15:00:00+01:00,320
2022-02-17 15:30:00+01:00,226
2022-02-17 16:00:00+01:00,280
2022-02-17 16:30:00+01:00,256
2022-02-17 17:00:00+01:00,242
2022-02-17 17:30:00+01:00,252
2022-02-17 18:00:00+01:00,264
2022-02-17 18:30:00+01:00,304
2022-02-17 19:00:00+01:00,630
2022-02-17 19:30:00+01:00,1094
2022-02-17 20:00:00+01:00,858
2022-02-17 20:30:00+01:00,574
2022-02-17 21:00:00+01:00,470
2022-02-17 21:30:00+01:00,490
2022-02-17 22:00:00+01:00,370
2022-02-17 22:30:00+01:00,428
2022-02-17 23:00:00+01:00,254
2022-02-17 23:30:00+01:00,280
2022-02-18 00:00:00+01:00,254
2022-02-18 00:30:00+01:00,234
2022-02-18 01:00:00+01:00,316
2022-02-18 01:30:00+01:00,318
2022-02-18 02:00:00+01:00,272
2022-02-18 02:30:00+01:00,278
2022-02-18 03:00:00+01:00,324
2022-02-18 03:30:00+01:00,264
2022-02-18 04:00:00+01:00,276
2022-02-18 04:30:00+01:00,324
2022-02-18 05:00:00+01:00,264
2022-02-18 05:30:00+01:00,270
2022-02-18 06:00:00+01:00,314
2022-02-18 06:30:00+01:00,286
2022-02-18 07:00:00+01:00,652
2022-02-18 07:30:00+01:00,712
2022-02-18 08:00:00+01:00,440
2022-02-18 08:30:00+01:00,268
2022-02-18 09:00:00+01:00,302
2022-02-18 09:30:00+01:00,370
2022-02-18 10:00:00+01:00,274
2022-02-18 10:30:00+01:00,314
2022-02-18 11:00:00+01:00,258
2022-02-18 11:30:00+01:00,284
2022-02-18 12:00:00+01:00,334
2022-02-18 12:30:00+01:00,528
2022-02-18 13:00:00+01:00,394
2022-02-18 13:30:00+01:00,410
2022-02-18 14:00:00+01:00,618
2022-02-18 14:30:00+01:00,328
2022-02-18 15:00:00+01:00,338
2022-02-18 15:30:00+01:00,508
2022-02-18 16:00:00+01:00,382
2022-02-18 16:30:00+01:00,334
2022-02-18 17:00:00+01:00,346
2022-02-18 17:30:00+01:00,424
2022-02-18 18:00:00+01:00,460
2022-02-18 18:30:00+01:00,504
2022-02-18 19:00:00+01:00,678
2022-02-18 19:30:00+01:00,854
2022-02-18 20:00:00+01:00,674
2022-02-18 20:30:00+01:00,436
2022-02-18 21:00:00+01:00,598
2022-02-18 21:30:00+01:00,1104
2022-02-18 22:00:00+01:00,528
2022-02-18 22:30:00+01:00,1376
2022-02-18 23:00:00+01:00,422
2022-02-18 23:30:00+01:00,364
2022-02-19 00:00:00+01:00,346
2022-02-19 00:30:00+01:00,270
2022-02-19 01:00:00+01:00,330
2022-02-19 01:30:00+01:00,266
2022-02-19 02:00:00+01:00,318
2022-02-19 02:30:00+01:00,284
2022-02-19 03:00:00+01:00,284
2022-02-19 03:30:00+01:00,256
2022-02-19 04:00:00+01:00,250
2022-02-19 04:30:00+01:00,242
2022-02-19 05:00:00+01:00,240
2022-02-19 05:30:00+01:00,276
2022-02-19 06:00:00+01:00,224
2022-02-19 06:30:00+01:00,236
2022-02-19 07:00:00+01:00,566
2022-02-19 07:30:00+01:00,314
2022-02-19 08:00:00+01:00,482
2022-02-19 08:30:00+01:00,718
2022-02-19 09:00:00+01:00,358
2022-02-19 09:30:00+01:00,426
2022-02-19 10:00:00+01:00,332
2022-02-19 10:30:00+01:00,314
2022-02-19 11:00:00+01:00,276
2022-02-19 11:30:00+01:00,232
2022-02-19 12:00:00+01:00,250
2022-02-19 12:30:00+01:00,242
2022-02-19 13:00:00+01:00,228
2022-02-19 13:30:00+01:00,244
2022-02-19 14:00:00+01:00,254
2022-02-19 14:30:00+01:00,240
2022-02-19 15:00:00+01:00,238
2022-02-19 15:30:00+01:00,268
2022-02-19 16:00:00+01:00,204
2022-02-19 16:30:00+01:00,190
2022-02-19 17:00:00+01:00,218
2022-02-19 17:30:00+01:00,180
2022-02-19 18:00:00+01:00,188
2022-02-19 18:30:00+01:00,222
2022-02-19 19:00:00+01:00,194
2022-02-19 19:30:00+01:00,170
2022-02-19 20:00:00+01:00,218
2022-02-19 20:30:00+01:00,188
2022-02-19 21:00:00+01:00,208
2022-02-19 21:30:00+01:00,276
2022-02-19 22:00:00+01:00,252
2022-02-19 22:30:00+01:00,208
2022-02-19 23:00:00+01:00,268
2022-02-19 23:30:00+01:00,246
2022-02-20 00:00:00+01:00,204
2022-02-20 00:30:00+01:00,278
2022-02-20 01:00:00+01:00,246
2022-02-20 01:30:00+01:00,204
2022-02-20 02:00:00+01:00,264
2022-02-20 02:30:00+01:00,218
2022-02-20 03:00:00+01:00,166
2022-02-20 03:30:00+01:00,196
2022-02-20 04:00:00+01:00,212
2022-02-20 04:30:00+01:00,188
2022-02-20 05:00:00+01:00,192
2022-02-20 05:30:00+01:00,198
2022-02-20 06:00:00+01:00,208
2022-02-20 06:30:00+01:00,168
2022-02-20 07:00:00+01:00,206
2022-02-20 07:30:00+01:00,218
2022-02-20 08:00:00+01:00,258
2022-02-20 08:30:00+01:00,248
2022-02-20 09:00:00+01:00,226
2022-02-20 09:30:00+01:00,236
2022-02-20 10:00:00+01:00,268
2022-02-20 10:30:00+01:00,252
2022-02-20 11:00:00+01:00,206
2022-02-20 11:30:00+01:00,262
2022-02-20 12:00:00+01:00,250
2022-02-20 12:30:00+01:00,212
2022-02-20 13:00:00+01:00,216
2022-02-20 13:30:00+01:00,194
2022-02-20 14:00:00+01:00,198
2022-02-20 14:30:00+01:00,204
2022-02-20 15:00:00+01:00,184
2022-02-20 15:30:00+01:00,206
2022-02-20 16:00:00+01:00,298
2022-02-20 16:30:00+01:00,272
2022-02-20 17:00:00+01:00,254
2022-02-20 17:30:00+01:00,184
2022-02-20 18:00:00+01:00,236
2022-02-20 18:30:00+01:00,252
2022-02-20 19:00:00+01:00,244
2022-02-20 19:30:00+01:00,218
2022-02-20 20:00:00+01:00,262
2022-02-20 20:30:00+01:00,252
2022-02-20 21:00:00+01:00,214
2022-02-20 21:30:00+01:00,254
2022-02-20 22:00:00+01:00,256
2022-02-20 22:30:00+01:00,224
2022-02-20 23:00:00+01:00,258
2022-02-20 23:30:00+01:00,230
2022-02-21 00:00:00+01:00,220
2022-02-21 00:30:00+01:00,160
2022-02-21 01:00:00+01:00,226
2022-02-21 01:30:00+01:00,198
2022-02-21 02:00:00+01:00,170
2022-02-21 02:30:00+01:00,216
2022-02-21 03:00:00+01:00,202
2022-02-21 03:30:00+01:00,164
2022-02-21 04:00:00+01:00,202
2022-02-21 04:30:00+01:00,224
2022-02-21 05:00:00+01:00,248
2022-02-21 05:30:00+01:00,220
2022-02-21 06:00:00+01:00,266
2022-02-21 06:30:00+01:00,250
2022-02-21 07:00:00+01:00,204
2022-02-21 07:30:00+01:00,250
2022-02-21 08:00:00+01:00,236
2022-02-21 08:30:00+01:00,252
2022-02-21 09:00:00+01:00,232
2022-02-21 09:30:00+01:00,246
2022-02-21 10:00:00+01:00,212
2022-02-21 10:30:00+01:00,268
2022-02-21 11:00:00+01:00,202
2022-02-21 11:30:00+01:00,162
2022-02-21 12:00:00+01:00,208
2022-02-21 12:30:00+01:00,204
2022-02-21 13:00:00+01:00,170
2022-02-21 13:30:00+01:00,190
2022-02-21 14:00:00+01:00,212
2022-02-21 14:30:00+01:00,200
2022-02-21 15:00:00+01:00,178
2022-02-21 15:30:00+01:00,206
2022-02-21 16:00:00+01:00,242
2022-02-21 16:30:00+01:00,262
2022-02-21 17:00:00+01:00,246
2022-02-21 17:30:00+01:00,204
2022-02-21 18:00:00+01:00,272
2022-02-21 18:30:00+01:00,246
2022-02-21 19:00:00+01:00,212
2022-02-21 19:30:00+01:00,228
2022-02-21 20:00:00+01:00,278
2022-02-21 20:30:00+01:00,244
2022-02-21 21:00:00+01:00,216
2022-02-21 21:30:00+01:00,218
2022-02-21 22:00:00+01:00,206
2022-02-21 22:30:00+01:00,190
2022-02-21 23:00:00+01:00,196
2022-02-21 23:30:00+01:00,170
2022-02-22 00:00:00+01:00,214
2022-02-22 00:30:00+01:00,218
2022-02-22 01:00:00+01:00,170
2022-02-22 01:30:00+01:00,186
2022-02-22 02:00:00+01:00,230
2022-02-22 02:30:00+01:00,230
2022-02-22 03:00:00+01:00,240
2022-02-22 03:30:00+01:00,250
2022-02-22 04:00:00+01:00,244
2022-02-22 04:30:00+01:00,252
2022-02-22 05:00:00+01:00,246
2022-02-22 05:30:00+01:00,218
2022-02-22 06:00:00+01:00,262
2022-02-22 06:30:00+01:00,252
2022-02-22 07:00:00+01:00,216
2022-02-22 07:30:00+01:00,242
2022-02-22 08:00:00+01:00,246
2022-02-22 08:30:00+01:00,196
2022-02-22 09:00:00+01:00,178
2022-02-22 09:30:00+01:00,204
2022-02-22 10:00:00+01:00,218
2022-02-22 10:30:00+01:00,308
2022-02-22 11:00:00+01:00,262
2022-02-22 11:30:00+01:00,210
2022-02-22 12:00:00+01:00,254
2022-02-22 12:30:00+01:00,272
2022-02-22 13:00:00+01:00,216
2022-02-22 13:30:00+01:00,244
2022-02-22 14:00:00+01:00,224
2022-02-22 14:30:00+01:00,258
2022-02-22 15:00:00+01:00,220
2022-02-22 15:30:00+01:00,182
2022-02-22 16:00:00+01:00,180
2022-02-22 16:30:00+01:00,232
2022-02-22 17:00:00+01:00,196
2022-02-22 17:30:00+01:00,162
2022-02-22 18:00:00+01:00,206
2022-02-22 18:30:00+01:00,206
2022-02-22 19:00:00+01:00,184
2022-02-22 19:30:00+01:00,200
2022-02-22 20:00:00+01:00,194
2022-02-22 20:30:00+01:00,278
2022-02-22 21:00:00+01:00,254
2022-02-22 21:30:00+01:00,228
2022-02-22 22:00:00+01:00,236
2022-02-22 22:30:00+01:00,266
2022-02-22 23:00:00+01:00,254
2022-02-22 23:30:00+01:00,212
2022-02-23 00:00:00+01:00,252
2022-02-23 00:30:00+01:00,240
2022-02-23 01:00:00+01:00,240
2022-02-23 01:30:00+01:00,230
2022-02-23 02:00:00+01:00,158
2022-02-23 02:30:00+01:00,226
2022-02-23 03:00:00+01:00,204
2022-02-23 03:30:00+01:00,162
2022-02-23 04:00:00+01:00,204
2022-02-23 04:30:00+01:00,214
2022-02-23 05:00:00+01:00,200
2022-02-23 05:30:00+01:00,176
2022-02-23 06:00:00+01:00,192
2022-02-23 06:30:00+01:00,236
2022-02-23 07:00:00+01:00,248
2022-02-23 07:30:00+01:00,254
2022-02-23 08:00:00+01:00,206
2022-02-23 08:30:00+01:00,258
2022-02-23 09:00:00+01:00,264
2022-02-23 09:30:00+01:00,202
2022-02-23 10:00:00+01:00,252
2022-02-23 10:30:00+01:00,246
2022-02-23 11:00:00+01:00,248
2022-02-23 11:30:00+01:00,234
2022-02-23 12:00:00+01:00,228
2022-02-23 12:30:00+01:00,184
2022-02-23 13:00:00+01:00,212
2022-02-23 13:30:00+01:00,198
2022-02-23 14:00:00+01:00,168
2022-02-23 14:30:00+01:00,222
2022-02-23 15:00:00+01:00,208
2022-02-23 15:30:00+01:00,162
2022-02-23 16:00:00+01:00,242
2022-02-23 16:30:00+01:00,312
2022-02-23 17:00:00+01:00,282
2022-02-23 17:30:00+01:00,238
2022-02-23 18:00:00+01:00,296
2022-02-23 18:30:00+01:00,252
2022-02-23 19:00:00+01:00,206
2022-02-23 19:30:00+01:00,250
2022-02-23 20:00:00+01:00,256
2022-02-23 20:30:00+01:00,262
2022-02-23 21:00:00+01:00,218
2022-02-23 21:30:00+01:00,256
2022-02-23 22:00:00+01:00,266
2022-02-23 22:30:00+01:00,204
2022-02-23 23:00:00+01:00,198
2022-02-23 23:30:00+01:00,202
2022-02-24 00:00:00+01:00,196
2022-02-24 00:30:00+01:00,204
2022-02-24 01:00:00+01:00,186
2022-02-24 01:30:00+01:00,210
2022-02-24 02:00:00+01:00,198
2022-02-24 02:30:00+01:00,186
2022-02-24 03:00:00+01:00,168
2022-02-24 03:30:00+01:00,244
2022-02-24 04:00:00+01:00,254
2022-02-24 04:30:00+01:00,212
2022-02-24 05:00:00+01:00,252
2022-02-24 05:30:00+01:00,270
2022-02-24 06:00:00+01:00,222
2022-02-24 06:30:00+01:00,236
2022-02-24 07:00:00+01:00,230
2022-02-24 07:30:00+01:00,260
2022-02-24 08:00:00+01:00,230
2022-02-24 08:30:00+01:00,248
2022-02-24 09:00:00+01:00,208
2022-02-24 09:30:00+01:00,224
2022-02-24 10:00:00+01:00,218
2022-02-24 10:30:00+01:00,158
2022-02-24 11:00:00+01:00,196
2022-02-24 11:30:00+01:00,206
2022-02-24 12:00:00+01:00,204
2022-02-24 12:30:00+01:00,186
2022-02-24 13:00:00+01:00,194
2022-02-24 13:30:00+01:00,168
2022-02-24 14:00:00+01:00,222
2022-02-24 14:30:00+01:00,242
2022-02-24 15:00:00+01:00,214
2022-02-24 15:30:00+01:00,268
2022-02-24 16:00:00+01:00,248
2022-02-24 16:30:00+01:00,228
2022-02-24 17:00:00+01:00,232
2022-02-24 17:30:00+01:00,274
2022-02-24 18:00:00+01:00,258
2022-02-24 18:30:00+01:00,204
2022-02-24 19:00:00+01:00,264
2022-02-24 19:30:00+01:00,258
2022-02-24 20:00:00+01:00,202
2022-02-24 20:30:00+01:00,212
2022-02-24 21:00:00+01:00,214
2022-02-24 21:30:00+01:00,158
2022-02-24 22:00:00+01:00,198
2022-02-24 22:30:00+01:00,224
2022-02-24 23:00:00+01:00,204
2022-02-24 23:30:00+01:00,170
2022-02-25 00:00:00+01:00,218
2022-02-25 00:30:00+01:00,202
2022-02-25 01:00:00+01:00,178
2022-02-25 01:30:00+01:00,254
2022-02-25 02:00:00+01:00,242
2022-02-25 02:30:00+01:00,262
2022-02-25 03:00:00+01:00,238
2022-02-25 03:30:00+01:00,236
2022-02-25 04:00:00+01:00,266
2022-02-25 04:30:00+01:00,224
2022-02-25 05:00:00+01:00,254
2022-02-25 05:30:00+01:00,210
2022-02-25 06:00:00+01:00,262
2022-02-25 06:30:00+01:00,256
2022-02-25 07:00:00+01:00,184
2022-02-25 07:30:00+01:00,190
2022-02-25 08:00:00+01:00,234
2022-02-25 08:30:00+01:00,176
2022-02-25 09:00:00+01:00,188
2022-02-25 09:30:00+01:00,196
2022-02-25 10:00:00+01:00,208
2022-02-25 10:30:00+01:00,194
2022-02-25 11:00:00+01:00,282
2022-02-25 11:30:00+01:00,248
2022-02-25 12:00:00+01:00,266
2022-02-25 12:30:00+01:00,246
2022-02-25 13:00:00+01:00,218
2022-02-25 13:30:00+01:00,244
2022-02-25 14:00:00+01:00,284
2022-02-25 14:30:00+01:00,224
2022-02-25 15:00:00+01:00,226
2022-02-25 15:30:00+01:00,256
2022-02-25 16:00:00+01:00,256
2022-02-25 16:30:00+01:00,228
2022-02-25 17:00:00+01:00,204
2022-02-25 17:30:00+01:00,178
2022-02-25 18:00:00+01:00,216
2022-02-25 18:30:00+01:00,196
2022-02-25 19:00:00+01:00,168
2022-02-25 19:30:00+01:00,194
2022-02-25 20:00:00+01:00,234
2022-02-25 20:30:00+01:00,172
2022-02-25 21:00:00+01:00,180
2022-02-25 21:30:00+01:00,202
2022-02-25 22:00:00+01:00,260
2022-02-25 22:30:00+01:00,236
2022-02-25 23:00:00+01:00,244
2022-02-25 23:30:00+01:00,214
2022-02-26 00:00:00+01:00,274
2022-02-26 00:30:00+01:00,246
2022-02-26 01:00:00+01:00,220
2022-02-26 01:30:00+01:00,244
2022-02-26 02:00:00+01:00,278
2022-02-26 02:30:00+01:00,216
2022-02-26 03:00:00+01:00,248
2022-02-26 03:30:00+01:00,170
2022-02-26 04:00:00+01:00,216
2022-02-26 04:30:00+01:00,212
2022-02-26 05:00:00+01:00,162
2022-02-26 05:30:00+01:00,204
2022-02-26 06:00:00+01:00,222
2022-02-26 06:30:00+01:00,160
2022-02-26 07:00:00+01:00,206
2022-02-26 07:30:00+01:00,162
2022-02-26 08:00:00+01:00,222
2022-02-26 08:30:00+01:00,246
2022-02-26 09:00:00+01:00,234
2022-02-26 09:30:00+01:00,232
2022-02-26 10:00:00+01:00,276
2022-02-26 10:30:00+01:00,212
2022-02-26 11:00:00+01:00,242
2022-02-26 11:30:00+01:00,232
2022-02-26 12:00:00+01:00,258
2022-02-26 12:30:00+01:00,244
2022-02-26 13:00:00+01:00,232
2022-02-26 13:30:00+01:00,216
2022-02-26 14:00:00+01:00,230
2022-02-26 14:30:00+01:00,170
2022-02-26 15:00:00+01:00,194
2022-02-26 15:30:00+01:00,186
2022-02-26 16:00:00+01:00,222
2022-02-26 16:30:00+01:00,316
2022-02-26 17:00:00+01:00,398
2022-02-26 17:30:00+01:00,270
2022-02-26 18:00:00+01:00,430
2022-02-26 18:30:00+01:00,382
2022-02-26 19:00:00+01:00,970
2022-02-26 19:30:00+01:00,1550
2022-02-26 20:00:00+01:00,574
2022-02-26 20:30:00+01:00,688
2022-02-26 21:00:00+01:00,1676
2022-02-26 21:30:00+01:00,400
2022-02-26 22:00:00+01:00,546
2022-02-26 22:30:00+01:00,370
2022-02-26 23:00:00+01:00,362
2022-02-26 23:30:00+01:00,366
2022-02-27 00:00:00+01:00,672
2022-02-27 00:30:00+01:00,332
2022-02-27 01:00:00+01:00,314
2022-02-27 01:30:00+01:00,294
2022-02-27 02:00:00+01:00,234
2022-02-27 02:30:00+01:00,218
2022-02-27 03:00:00+01:00,196
2022-02-27 03:30:00+01:00,208
2022-02-27 04:00:00+01:00,214
2022-02-27 04:30:00+01:00,174
2022-02-27 05:00:00+01:00,230
2022-02-27 05:30:00+01:00,190
2022-02-27 06:00:00+01:00,200
2022-02-27 06:30:00+01:00,500
2022-02-27 07:00:00+01:00,236
2022-02-27 07:30:00+01:00,350
2022-02-27 08:00:00+01:00,312
2022-02-27 08:30:00+01:00,644
2022-02-27 09:00:00+01:00,1462
2022-02-27 09:30:00+01:00,1396
2022-02-27 10:00:00+01:00,852
2022-02-27 10:30:00+01:00,1040
2022-02-27 11:00:00+01:00,364
2022-02-27 11:30:00+01:00,436
2022-02-27 12:00:00+01:00,1514
2022-02-27 12:30:00+01:00,1402
2022-02-27 13:00:00+01:00,1060
2022-02-27 13:30:00+01:00,634
2022-02-27 14:00:00+01:00,354
2022-02-27 14:30:00+01:00,390
2022-02-27 15:00:00+01:00,1352
2022-02-27 15:30:00+01:00,282
2022-02-27 16:00:00+01:00,1142
2022-02-27 16:30:00+01:00,776
2022-02-27 17:00:00+01:00,280
2022-02-27 17:30:00+01:00,204
2022-02-27 18:00:00+01:00,266
2022-02-27 18:30:00+01:00,390
2022-02-27 19:00:00+01:00,332
2022-02-27 19:30:00+01:00,288
2022-02-27 20:00:00+01:00,368
2022-02-27 20:30:00+01:00,382
2022-02-27 21:00:00+01:00,406
2022-02-27 21:30:00+01:00,354
2022-02-27 22:00:00+01:00,672
2022-02-27 22:30:00+01:00,388
2022-02-27 23:00:00+01:00,414
2022-02-27 23:30:00+01:00,448
2022-02-28 00:00:00+01:00,366
2022-02-28 00:30:00+01:00,248
2022-02-28 01:00:00+01:00,258
2022-02-28 01:30:00+01:00,290
2022-02-28 02:00:00+01:00,370
2022-02-28 02:30:00+01:00,320
2022-02-28 03:00:00+01:00,318
2022-02-28 03:30:00+01:00,232
2022-02-28 04:00:00+01:00,290
2022-02-28 04:30:00+01:00,196
2022-02-28 05:00:00+01:00,214
2022-02-28 05:30:00+01:00,236
2022-02-28 06:00:00+01:00,310
2022-02-28 06:30:00+01:00,302
2022-02-28 07:00:00+01:00,590
2022-02-28 07:30:00+01:00,674
2022-02-28 08:00:00+01:00,358
2022-02-28 08:30:00+01:00,284
2022-02-28 09:00:00+01:00,248
2022-02-28 09:30:00+01:00,512
2022-02-28 10:00:00+01:00,486
2022-02-28 10:30:00+01:00,330
2022-02-28 11:00:00+01:00,342
2022-02-28 11:30:00+01:00,314
2022-02-28 12:00:00+01:00,320
2022-02-28 12:30:00+01:00,726
2022-02-28 13:00:00+01:00,466
2022-02-28 13:30:00+01:00,340
2022-02-28 14:00:00+01:00,346
2022-02-28 14:30:00+01:00,314
2022-02-28 15:00:00+01:00,170
2022-02-28 15:30:00+01:00,244
2022-02-28 16:00:00+01:00,240
2022-02-28 16:30:00+01:00,212
2022-02-28 17:00:00+01:00,260
2022-02-28 17:30:00+01:00,210
2022-02-28 18:00:00+01:00,200
2022-02-28 18:30:00+01:00,212
2022-02-28 19:00:00+01:00,208
2022-02-28 19:30:00+01:00,470
2022-02-28 20:00:00+01:00,1052
2022-02-28 20:30:00+01:00,588
2022-02-28 21:00:00+01:00,464
2022-02-28 21:30:00+01:00,456
2022-02-28 22:00:00+01:00,296
2022-02-28 22:30:00+01:00,230
2022-02-28 23:00:00+01:00,236
2022-02-28 23:30:00+01:00,278
2022-03-01 00:00:00+01:00,206
2022-03-01 00:30:00+01:00,246
2022-03-01 01:00:00+01:00,240
2022-03-01 01:30:00+01:00,254
2022-03-01 02:00:00+01:00,210
2022-03-01 02:30:00+01:00,162
2022-03-01 03:00:00+01:00,212
2022-03-01 03:30:00+01:00,260
2022-03-01 04:00:00+01:00,198
2022-03-01 04:30:00+01:00,216
2022-03-01 05:00:00+01:00,192
2022-03-01 05:30:00+01:00,206
2022-03-01 06:00:00+01:00,196
2022-03-01 06:30:00+01:00,158
2022-03-01 07:00:00+01:00,582
2022-03-01 07:30:00+01:00,654
2022-03-01 08:00:00+01:00,338
2022-03-01 08:30:00+01:00,270
2022-03-01 09:00:00+01:00,242
2022-03-01 09:30:00+01:00,274
2022-03-01 10:00:00+01:00,234
2022-03-01 10:30:00+01:00,252
2022-03-01 11:00:00+01:00,214
2022-03-01 11:30:00+01:00,286
2022-03-01 12:00:00+01:00,248
2022-03-01 12:30:00+01:00,282
2022-03-01 13:00:00+01:00,612
2022-03-01 13:30:00+01:00,768
2022-03-01 14:00:00+01:00,318
2022-03-01 14:30:00+01:00,330
2022-03-01 15:00:00+01:00,296
2022-03-01 15:30:00+01:00,244
2022-03-01 16:00:00+01:00,276
2022-03-01 16:30:00+01:00,228
2022-03-01 17:00:00+01:00,190
2022-03-01 17:30:00+01:00,200
2022-03-01 18:00:00+01:00,216
2022-03-01 18:30:00+01:00,274
2022-03-01 19:00:00+01:00,274
2022-03-01 19:30:00+01:00,238
2022-03-01 20:00:00+01:00,204
2022-03-01 20:30:00+01:00,160
2022-03-01 21:00:00+01:00,238
2022-03-01 21:30:00+01:00,264
2022-03-01 22:00:00+01:00,254
2022-03-01 22:30:00+01:00,290
2022-03-01 23:00:00+01:00,270
2022-03-01 23:30:00+01:00,346
2022-03-02 00:00:00+01:00,310
2022-03-02 00:30:00+01:00,264
2022-03-02 01:00:00+01:00,276
2022-03-02 01:30:00+01:00,264
2022-03-02 02:00:00+01:00,248
2022-03-02 02:30:00+01:00,220
2022-03-02 03:00:00+01:00,278
2022-03-02 03:30:00+01:00,246
2022-03-02 04:00:00+01:00,190
2022-03-02 04:30:00+01:00,228
2022-03-02 05:00:00+01:00,182
2022-03-02 05:30:00+01:00,186
2022-03-02 06:00:00+01:00,204
2022-03-02 06:30:00+01:00,186
2022-03-02 07:00:00+01:00,726
2022-03-02 07:30:00+01:00,546
2022-03-02 08:00:00+01:00,1226
2022-03-02 08:30:00+01:00,406
2022-03-02 09:00:00+01:00,1288
2022-03-02 09:30:00+01:00,256
2022-03-02 10:00:00+01:00,250
2022-03-02 10:30:00+01:00,224
2022-03-02 11:00:00+01:00,262
2022-03-02 11:30:00+01:00,244
2022-03-02 12:00:00+01:00,216
2022-03-02 12:30:00+01:00,278
2022-03-02 13:00:00+01:00,228
2022-03-02 13:30:00+01:00,538
2022-03-02 14:00:00+01:00,336
2022-03-02 14:30:00+01:00,294
2022-03-02 15:00:00+01:00,266
2022-03-02 15:30:00+01:00,296
2022-03-02 16:00:00+01:00,256
2022-03-02 16:30:00+01:00,206
2022-03-02 17:00:00+01:00,280
2022-03-02 17:30:00+01:00,212
2022-03-02 18:00:00+01:00,188
2022-03-02 18:30:00+01:00,216
2022-03-02 19:00:00+01:00,214
2022-03-02 19:30:00+01:00,222
2022-03-02 20:00:00+01:00,264
2022-03-02 20:30:00+01:00,344
2022-03-02 21:00:00+01:00,602
2022-03-02 21:30:00+01:00,472
2022-03-02 22:00:00+01:00,484
2022-03-02 22:30:00+01:00,504
2022-03-02 23:00:00+01:00,286
2022-03-02 23:30:00+01:00,266
2022-03-03 00:00:00+01:00,308
2022-03-03 00:30:00+01:00,326
2022-03-03 01:00:00+01:00,304
2022-03-03 01:30:00+01:00,212
2022-03-03 02:00:00+01:00,186
2022-03-03 02:30:00+01:00,210
2022-03-03 03:00:00+01:00,200
2022-03-03 03:30:00+01:00,182
2022-03-03 04:00:00+01:00,216
2022-03-03 04:30:00+01:00,234
2022-03-03 05:00:00+01:00,244
2022-03-03 05:30:00+01:00,234
2022-03-03 06:00:00+01:00,222
2022-03-03 06:30:00+01:00,308
2022-03-03 07:00:00+01:00,710
2022-03-03 07:30:00+01:00,600
2022-03-03 08:00:00+01:00,496
2022-03-03 08:30:00+01:00,382
2022-03-03 09:00:00+01:00,286
2022-03-03 09:30:00+01:00,290
2022-03-03 10:00:00+01:00,352
2022-03-03 10:30:00+01:00,538
2022-03-03 11:00:00+01:00,456
2022-03-03 11:30:00+01:00,286
2022-03-03 12:00:00+01:00,262
